Name	Locus_tag	StartV3	EndV3	Strand	classif
S60	new_158050_158514_c	158050	158514	-1	3'NT
S62	new_159149_159778_c	159149	159778	-1	3'NT
S70	new_201802_202546_c	201802	202546	-1	3'NT
S109	new_335729_336091_c	335729	336091	-1	3'NT
S120	new_353869_356316	353869	356316	1	3'NT
S174	new_549652_549910	549652	549910	1	3'NT
S180	new_559362_560150_c	559362	560150	-1	3'NT
S197	new_604577_605269	604577	605269	1	3'NT
S244	new_746000_747189	746000	747189	1	3'NT
S255	new_821232_822902_c	821232	822902	-1	3'NT
S272	new_846186_849552	846186	849552	1	3'NT
S325	new_1011751_1013617	1011751	1013617	1	3'NT
S354	new_1074573_1076008	1074573	1076008	1	3'NT
S454	new_1319640_1320569_c	1319640	1320569	-1	3'NT
S506	new_1461473_1462812_c	1461473	1462812	-1	3'NT
S656	new_1915794_1916005_c	1915794	1916005	-1	3'NT
S699	new_2041030_2041466	2041030	2041466	1	3'NT
S703	new_2044833_2045843	2044833	2045843	1	3'NT
S706	new_2049454_2050111	2049454	2050111	1	3'NT
S758	new_2138041_2139052	2138041	2139052	1	3'NT
S760	new_2153170_2153718	2153170	2153718	1	3'NT
S767	new_2158685_2158869	2158685	2158869	1	3'NT
S790	new_2213079_2214861	2213079	2214861	1	3'NT
S803	new_2245307_2246150_c	2245307	2246150	-1	3'NT
S814	new_2282285_2283135_c	2282285	2283135	-1	3'NT
S820	new_2295944_2297045	2295944	2297045	1	3'NT
S841	new_2337997_2338147	2337997	2338147	1	3'NT
S986	new_2707685_2707807	2707685	2707807	1	3'NT
S1010	new_2740896_2741093	2740896	2741093	1	3'NT
S1114	new_2997283_2999078	2997283	2999078	1	3'NT
S1144	new_3055193_3055921	3055193	3055921	1	3'NT
S1160	new_3106996_3107052	3106996	3107052	1	3'NT
S1178	new_3154077_3154734_c	3154077	3154734	-1	3'NT
S1179	new_3159185_3159752	3159185	3159752	1	3'NT
S1191	new_3213329_3216149	3213329	3216149	1	3'NT
S1205	new_3231069_3231811_c	3231069	3231811	-1	3'NT
S1270	new_3386852_3387780_c	3386852	3387780	-1	3'NT
S1275	new_3391778_3394421_c	3391778	3394421	-1	3'NT
S1317	new_3545605_3545858	3545605	3545858	1	3'NT
S1363	new_3666508_3667599	3666508	3667599	1	3'NT
S1364	new_3666577_3666932_c	3666577	3666932	-1	3'NT
S1403	new_3745414_3746298	3745414	3746298	1	3'NT
S1450	new_3842996_3845478	3842996	3845478	1	3'NT
S1466	new_3906104_3907171	3906104	3907171	1	3'NT
S1488	new_3980704_3983186_c	3980704	3983186	-1	3'NT
S1544	new_4130045_4131409	4130045	4131409	1	3'NT
S14	new_22452_22529	22452	22529	1	3'PT
S15	new_22531_23167	22531	23167	1	3'PT
S97	new_280556_281740_c	280556	281740	-1	3'PT
S127	new_409056_409207_c	409056	409207	-1	3'PT
S143	new_489666_490525_c	489666	490525	-1	3'PT
S148	new_495406_495699_c	495406	495699	-1	3'PT
S169	new_529454_530352	529454	530352	1	3'PT
S247	new_783392_785083_c	783392	785083	-1	3'PT
S308	new_957688_958613	957688	958613	1	3'PT
S318	new_988013_988416_c	988013	988416	-1	3'PT
S349	new_1071742_1072225	1071742	1072225	1	3'PT
S375	new_1130705_1131082	1130705	1131082	1	3'PT
S379	new_1147493_1148466_c	1147493	1148466	-1	3'PT
S385	new_1151121_1151285	1151121	1151285	1	3'PT
S425	new_1253669_1254769	1253669	1254769	1	3'PT
S428	new_1260806_1262335	1260806	1262335	1	3'PT
S430	new_1262896_1264544	1262896	1264544	1	3'PT
S461	new_1356775_1357416_c	1356775	1357416	-1	3'PT
S464	new_1369127_1369854_c	1369127	1369854	-1	3'PT
S465	new_1369868_1371036	1369868	1371036	1	3'PT
S484	new_1421204_1422144_c	1421204	1422144	-1	3'PT
S487	new_1429967_1430160_c	1429967	1430160	-1	3'PT
S528	new_1522479_1523083_c	1522479	1523083	-1	3'PT
S537	new_1538693_1539646	1538693	1539646	1	3'PT
S546	new_1569001_1569224_c	1569001	1569224	-1	3'PT
S578	new_1670054_1671124_c	1670054	1671124	-1	3'PT
S622	new_1872092_1872751_c	1872092	1872751	-1	3'PT
S639	new_1900263_1900568_c	1900263	1900568	-1	3'PT
S652	new_1914233_1914999_c	1914233	1914999	-1	3'PT
S682	new_2007582_2008540_c	2007582	2008540	-1	3'PT
S687	new_2021232_2021971	2021232	2021971	1	3'PT
S726	new_2078548_2079183_c	2078548	2079183	-1	3'PT
S807	new_2264353_2265142_c	2264353	2265142	-1	3'PT
S818	new_2288652_2289883	2288652	2289883	1	3'PT
S878	new_2415356_2415414_c	2415356	2415414	-1	3'PT
S908	new_2488970_2489605	2488970	2489605	1	3'PT
S927	new_2562914_2563888	2562914	2563888	1	3'PT
S930	new_2565921_2566988	2565921	2566988	1	3'PT
S941	new_2591428_2592036	2591428	2592036	1	3'PT
S944	new_2593286_2594087	2593286	2594087	1	3'PT
S969	new_2647863_2648916	2647863	2648916	1	3'PT
S973	new_2663336_2663531_c	2663336	2663531	-1	3'PT
S979	new_2679011_2679382	2679011	2679382	1	3'PT
S984	new_2701783_2703117	2701783	2703117	1	3'PT
S985	new_2706711_2707758_c	2706711	2707758	-1	3'PT
S1002	new_2730921_2731106_c	2730921	2731106	-1	3'PT
S1018	new_2758015_2759120	2758015	2759120	1	3'PT
S1051	new_2840432_2840765_c	2840432	2840765	-1	3'PT
S1054	new_2843111_2843532	2843111	2843532	1	3'PT
S1057	new_2851286_2851995	2851286	2851995	1	3'PT
S1116	new_3009340_3009869_c	3009340	3009869	-1	3'PT
S1134	new_3035475_3036308_c	3035475	3036308	-1	3'PT
S1169	new_3133391_3134939_c	3133391	3134939	-1	3'PT
S1184	new_3183217_3183608	3183217	3183608	1	3'PT
S1212	new_3250494_3252362_c	3250494	3252362	-1	3'PT
S1237	new_3299701_3300252	3299701	3300252	1	3'PT
S1289	new_3458782_3459775_c	3458782	3459775	-1	3'PT
S1294	new_3465665_3466067_c	3465665	3466067	-1	3'PT
S1295	new_3466069_3466155_c	3466069	3466155	-1	3'PT
S1297	new_3466412_3467550	3466412	3467550	1	3'PT
S1310	new_3512501_3513571	3512501	3513571	1	3'PT
S1319	new_3546861_3547259	3546861	3547259	1	3'PT
S1339	new_3606777_3607493	3606777	3607493	1	3'PT
S1378	new_3691599_3692493_c	3691599	3692493	-1	3'PT
S1408	new_3761046_3761954_c	3761046	3761954	-1	3'PT
S1446	new_3819213_3819619	3819213	3819619	1	3'PT
S1477	new_3943322_3944525_c	3943322	3944525	-1	3'PT
S1481	new_3957252_3958479_c	3957252	3958479	-1	3'PT
S1482	new_3965134_3966683_c	3965134	3966683	-1	3'PT
S1483	new_3966685_3966776_c	3966685	3966776	-1	3'PT
S1493	new_3989908_3990230	3989908	3990230	1	3'PT
S1523	new_4068171_4068967	4068171	4068967	1	3'PT
S1530	new_4089418_4089968	4089418	4089968	1	3'PT
S1533	new_4094722_4095322_c	4094722	4095322	-1	3'PT
S1535	new_4104900_4105513	4104900	4105513	1	3'PT
S1539	new_4109864_4110916_c	4109864	4110916	-1	3'PT
S1545	new_4130257_4130577_c	4130257	4130577	-1	3'PT
S1566	new_4174260_4176850_c	4174260	4176850	-1	3'PT
S18	new_26636_26731	26636	26731	1	3'UTR
S78	new_220033_220103	220033	220103	1	3'UTR
S135	new_463070_463495_c	463070	463495	-1	3'UTR
S146	new_490705_490776_c	490705	490776	-1	3'UTR
S151	new_502632_502875	502632	502875	1	3'UTR
S154	new_507683_507752_c	507683	507752	-1	3'UTR
S173	new_546051_546165_c	546051	546165	-1	3'UTR
S175	new_549923_550239_c	549923	550239	-1	3'UTR
S177	new_551930_551999	551930	551999	1	3'UTR
S187	new_591895_592302_c	591895	592302	-1	3'UTR
S193	new_599509_599874_c	599509	599874	-1	3'UTR
S209	new_651869_651961	651869	651961	1	3'UTR
S217	new_663028_663224	663028	663224	1	3'UTR
S226	new_681122_681254_c	681122	681254	-1	3'UTR
S240	new_738983_739575	738983	739575	1	3'UTR
S281	new_877404_877496	877404	877496	1	3'UTR
S284	new_909123_909197_c	909123	909197	-1	3'UTR
S306	new_952948_953024	952948	953024	1	3'UTR
S311	new_967139_967321	967139	967321	1	3'UTR
S322	new_1004835_1004923	1004835	1004923	1	3'UTR
S335	new_1038761_1038814	1038761	1038814	1	3'UTR
S346	new_1056539_1056622	1056539	1056622	1	3'UTR
S347	new_1071489_1071740	1071489	1071740	1	3'UTR
S350	new_1071973_1072041_c	1071973	1072041	-1	3'UTR
S351	new_1072963_1073105_c	1072963	1073105	-1	3'UTR
S352	new_1073110_1073875	1073110	1073875	1	3'UTR
S371	new_1124979_1125122_c	1124979	1125122	-1	3'UTR
S376	new_1130759_1130917_c	1130759	1130917	-1	3'UTR
S383	new_1150647_1150849_c	1150647	1150849	-1	3'UTR
S388	new_1159082_1159149	1159082	1159149	1	3'UTR
S391	new_1168046_1168198_c	1168046	1168198	-1	3'UTR
S399	new_1204423_1204697_c	1204423	1204697	-1	3'UTR
S429	new_1262876_1263611_c	1262876	1263611	-1	3'UTR
S431	new_1263613_1263701_c	1263613	1263701	-1	3'UTR
S436	new_1269585_1269672	1269585	1269672	1	3'UTR
S437	new_1269672_1269732_c	1269672	1269732	-1	3'UTR
S455	new_1321205_1321328_c	1321205	1321328	-1	3'UTR
S468	new_1382628_1383305	1382628	1383305	1	3'UTR
S485	new_1421924_1422163	1421924	1422163	1	3'UTR
S491	new_1435383_1435605_c	1435383	1435605	-1	3'UTR
S495	new_1441789_1442065	1441789	1442065	1	3'UTR
S496	new_1442102_1442346_c	1442102	1442346	-1	3'UTR
S500	new_1447578_1447661_c	1447578	1447661	-1	3'UTR
S539	new_1550649_1550796_c	1550649	1550796	-1	3'UTR
S597	new_1744182_1744236	1744182	1744236	1	3'UTR
S611	new_1780123_1780617_c	1780123	1780617	-1	3'UTR
S620	new_1868375_1868451	1868375	1868451	1	3'UTR
S635	new_1893246_1893320	1893246	1893320	1	3'UTR
S636	new_1894896_1895211	1894896	1895211	1	3'UTR
S644	new_1903165_1903471_c	1903165	1903471	-1	3'UTR
S649	new_1907202_1907287	1907202	1907287	1	3'UTR
S673	new_1937876_1938065_c	1937876	1938065	-1	3'UTR
S686	new_2021145_2021230	2021145	2021230	1	3'UTR
S690	new_2027827_2028174_c	2027827	2028174	-1	3'UTR
S693	new_2029314_2029407	2029314	2029407	1	3'UTR
S698	new_2037498_2037600_c	2037498	2037600	-1	3'UTR
S704	new_2046920_2046979_c	2046920	2046979	-1	3'UTR
S709	new_2054085_2054544_c	2054085	2054544	-1	3'UTR
S712	new_2057588_2058714_c	2057588	2058714	-1	3'UTR
S716	new_2069746_2069982_c	2069746	2069982	-1	3'UTR
S721	new_2071199_2071285_c	2071199	2071285	-1	3'UTR
S771	new_2169927_2169994	2169927	2169994	1	3'UTR
S774	new_2190786_2190883_c	2190786	2190883	-1	3'UTR
S785	new_2208648_2208779_c	2208648	2208779	-1	3'UTR
S786	new_2208781_2208854_c	2208781	2208854	-1	3'UTR
S792	new_2215272_2215459_c	2215272	2215459	-1	3'UTR
S799	new_2225616_2225829	2225616	2225829	1	3'UTR
S804	new_2246149_2246571	2246149	2246571	1	3'UTR
S808	new_2265144_2265224_c	2265144	2265224	-1	3'UTR
S810	new_2273724_2273988_c	2273724	2273988	-1	3'UTR
S815	new_2282486_2282578	2282486	2282578	1	3'UTR
S832	new_2310988_2311968	2310988	2311968	1	3'UTR
S858	new_2381192_2381353_c	2381192	2381353	-1	3'UTR
S876	new_2412975_2413587	2412975	2413587	1	3'UTR
S895	new_2457212_2457348_c	2457212	2457348	-1	3'UTR
S899	new_2467979_2468158_c	2467979	2468158	-1	3'UTR
S906	new_2484736_2485656_c	2484736	2485656	-1	3'UTR
S925	new_2555662_2555886_c	2555662	2555886	-1	3'UTR
S926	new_2560260_2560488_c	2560260	2560488	-1	3'UTR
S939	new_2587581_2588011	2587581	2588011	1	3'UTR
S964	new_2642036_2642116	2642036	2642116	1	3'UTR
S967	new_2647615_2647861	2647615	2647861	1	3'UTR
S980	new_2691497_2692644_c	2691497	2692644	-1	3'UTR
S981	new_2692608_2692913	2692608	2692913	1	3'UTR
S983	new_2699244_2699382	2699244	2699382	1	3'UTR
S987	new_2707760_2708174_c	2707760	2708174	-1	3'UTR
S999	new_2722645_2722745	2722645	2722745	1	3'UTR
S1011	new_2741085_2741356_c	2741085	2741356	-1	3'UTR
S1014	new_2750810_2750882_c	2750810	2750882	-1	3'UTR
S1015	new_2752064_2752166_c	2752064	2752166	-1	3'UTR
S1020	new_2767968_2768041_c	2767968	2768041	-1	3'UTR
S1085	new_2938273_2938329_c	2938273	2938329	-1	3'UTR
S1088	new_2951898_2952204	2951898	2952204	1	3'UTR
S1097	new_2975948_2976067_c	2975948	2976067	-1	3'UTR
S1108	new_2989805_2989899_c	2989805	2989899	-1	3'UTR
S1128	new_3032370_3032416_c	3032370	3032416	-1	3'UTR
S1137	new_3036410_3036583	3036410	3036583	1	3'UTR
S1138	new_3037916_3038059_c	3037916	3038059	-1	3'UTR
S1147	new_3060674_3060844	3060674	3060844	1	3'UTR
S1188	new_3194349_3194635	3194349	3194635	1	3'UTR
S1217	new_3257607_3258036_c	3257607	3258036	-1	3'UTR
S1218	new_3258062_3259375	3258062	3259375	1	3'UTR
S1252	new_3335546_3335614	3335546	3335614	1	3'UTR
S1257	new_3355486_3355592_c	3355486	3355592	-1	3'UTR
S1296	new_3466157_3466342_c	3466157	3466342	-1	3'UTR
S1307	new_3509781_3509830_c	3509781	3509830	-1	3'UTR
S1315	new_3542144_3542334	3542144	3542334	1	3'UTR
S1316	new_3542806_3542942_c	3542806	3542942	-1	3'UTR
S1323	new_3573056_3573206_c	3573056	3573206	-1	3'UTR
S1338	new_3605398_3606736_c	3605398	3606736	-1	3'UTR
S1384	new_3708133_3708785	3708133	3708785	1	3'UTR
S1389	new_3718617_3718717	3718617	3718717	1	3'UTR
S1392	new_3728379_3728510_c	3728379	3728510	-1	3'UTR
S1399	new_3740106_3740205_c	3740106	3740205	-1	3'UTR
S1400	new_3741593_3741676	3741593	3741676	1	3'UTR
S1447	new_3823159_3823531_c	3823159	3823531	-1	3'UTR
S1449	new_3842651_3843000_c	3842651	3843000	-1	3'UTR
S1453	new_3852070_3852185_c	3852070	3852185	-1	3'UTR
S1484	new_3966778_3967943_c	3966778	3967943	-1	3'UTR
S1489	new_3983174_3984118	3983174	3984118	1	3'UTR
S1506	new_4011685_4011824	4011685	4011824	1	3'UTR
S1507	new_4012758_4012865_c	4012758	4012865	-1	3'UTR
S1541	new_4121082_4121165_c	4121082	4121165	-1	3'UTR
S1565	new_4173552_4173628	4173552	4173628	1	3'UTR
S1567	new_4176526_4176840	4176526	4176840	1	3'UTR
S1	new_1_148	1	148	1	5'
S3	new_150_409	150	409	1	5'
S7	new_9529_9614	9529	9614	1	5'
S10	new_17453_17533	17453	17533	1	5'
S12	new_18976_19061	18976	19061	1	5'
S16	new_25655_25851	25655	25851	1	5'
S17	new_26383_26532	26383	26532	1	5'
S19	new_30076_30278	30076	30278	1	5'
S23	new_45224_45399_c	45224	45399	-1	5'
S24	new_45524_45632	45524	45632	1	5'
S27	new_49987_50086	49987	50086	1	5'
S28	new_51558_51679	51558	51679	1	5'
S29	new_52649_52719	52649	52719	1	5'
S30	new_53111_53182	53111	53182	1	5'
S35	new_64001_64098	64001	64098	1	5'
S40	new_79027_79091	79027	79091	1	5'
S43	new_90318_90535	90318	90535	1	5'
S49	new_118452_118590	118452	118590	1	5'
S51	new_121686_121918	121686	121918	1	5'
S55	new_135170_135363	135170	135363	1	5'
S59	new_154838_155119	154838	155119	1	5'
S64	new_160675_160892	160675	160892	1	5'
S66	new_176926_177082	176926	177082	1	5'
S68	new_196132_196212	196132	196212	1	5'
S77	new_213878_213940	213878	213940	1	5'
S80	new_226436_226565	226436	226565	1	5'
S82	new_235329_235401_c	235329	235401	-1	5'
S83	new_235403_235489_c	235403	235489	-1	5'
S84	new_238449_238569_c	238449	238569	-1	5'
S87	new_246583_246657	246583	246657	1	5'
S90	new_257545_257726	257545	257726	1	5'
S91	new_257573_257643_c	257573	257643	-1	5'
S92	new_258887_259015	258887	259015	1	5'
S93	new_261536_261647_c	261536	261647	-1	5'
S94	new_267772_267889	267772	267889	1	5'
S95	new_275603_275837	275603	275837	1	5'
S96	new_278308_278376	278308	278376	1	5'
S98	new_282233_283231_c	282233	283231	-1	5'
S101	new_300503_300693_c	300503	300693	-1	5'
S102	new_302355_302434	302355	302434	1	5'
S104	new_304308_304389_c	304308	304389	-1	5'
S105	new_311859_312061	311859	312061	1	5'
S106	new_312063_312158	312063	312158	1	5'
S107	new_325190_325277_c	325190	325277	-1	5'
S108	new_327480_327617	327480	327617	1	5'
S110	new_338187_338287	338187	338287	1	5'
S112	new_339879_339987	339879	339987	1	5'
S116	new_347027_347149	347027	347149	1	5'
S119	new_352793_352857	352793	352857	1	5'
S123	new_368964_369186	368964	369186	1	5'
S125	new_372801_375944	372801	375944	1	5'
S126	new_376667_376967	376667	376967	1	5'
S128	new_417763_418267_c	417763	418267	-1	5'
S130	new_432271_432371	432271	432371	1	5'
S131	new_438353_438419_c	438353	438419	-1	5'
S132	new_449651_449723	449651	449723	1	5'
S134	new_456926_457022	456926	457022	1	5'
S138	new_467042_467129	467042	467129	1	5'
S139	new_469286_469367	469286	469367	1	5'
S141	new_478812_478943	478812	478943	1	5'
S147	new_492500_492577_c	492500	492577	-1	5'
S149	new_496980_497767	496980	497767	1	5'
S153	new_506502_506670_c	506502	506670	-1	5'
S156	new_508090_508247	508090	508247	1	5'
S157	new_510862_511036	510862	511036	1	5'
S158	new_511038_511105	511038	511105	1	5'
S159	new_512754_512813	512754	512813	1	5'
S161	new_515108_515709	515108	515709	1	5'
S162	new_516099_516240	516099	516240	1	5'
S164	new_519561_520160_c	519561	520160	-1	5'
S165	new_520162_520750_c	520162	520750	-1	5'
S167	new_527912_528128	527912	528128	1	5'
S168	new_528616_528703	528616	528703	1	5'
S171	new_532604_532921	532604	532921	1	5'
S176	new_551074_551518	551074	551518	1	5'
S178	new_556002_556561	556002	556561	1	5'
S179	new_559146_559263	559146	559263	1	5'
S182	new_567551_567661	567551	567661	1	5'
S185	new_576099_576163_c	576099	576163	-1	5'
S186	new_579354_579540	579354	579540	1	5'
S188	new_593206_593301_c	593206	593301	-1	5'
S189	new_596003_596095_c	596003	596095	-1	5'
S190	new_598065_598153	598065	598153	1	5'
S191	new_598659_598728	598659	598728	1	5'
S199	new_613552_613640	613552	613640	1	5'
S200	new_615623_615761_c	615623	615761	-1	5'
S201	new_621545_621613_c	621545	621613	-1	5'
S202	new_621713_621846	621713	621846	1	5'
S204	new_635022_635109	635022	635109	1	5'
S205	new_646220_646409	646220	646409	1	5'
S206	new_646411_646581	646411	646581	1	5'
S207	new_649718_649826	649718	649826	1	5'
S208	new_649828_649902	649828	649902	1	5'
S213	new_655138_655222	655138	655222	1	5'
S215	new_659222_659341_c	659222	659341	-1	5'
S216	new_659343_659558_c	659343	659558	-1	5'
S220	new_667383_667465	667383	667465	1	5'
S222	new_676139_676441	676139	676441	1	5'
S223	new_678515_679050	678515	679050	1	5'
S224	new_678952_679246_c	678952	679246	-1	5'
S225	new_679052_679349	679052	679349	1	5'
S227	new_692610_692739	692610	692739	1	5'
S228	new_696054_696194	696054	696194	1	5'
S229	new_697093_697156	697093	697156	1	5'
S230	new_697399_697485	697399	697485	1	5'
S233	new_713536_713956_c	713536	713956	-1	5'
S234	new_724870_724986	724870	724986	1	5'
S236	new_728319_728449_c	728319	728449	-1	5'
S237	new_728598_728731	728598	728731	1	5'
S238	new_732824_732898_c	732824	732898	-1	5'
S250	new_796008_796313	796008	796313	1	5'
S251	new_798340_798468	798340	798468	1	5'
S258	new_826093_826718	826093	826718	1	5'
S259	new_826720_827251	826720	827251	1	5'
S260	new_827212_827324_c	827212	827324	-1	5'
S262	new_834310_834382	834310	834382	1	5'
S264	new_838921_839051_c	838921	839051	-1	5'
S268	new_840528_841664_c	840528	841664	-1	5'
S269	new_843132_844096	843132	844096	1	5'
S270	new_843997_844071_c	843997	844071	-1	5'
S271	new_844073_844595_c	844073	844595	-1	5'
S276	new_864500_865153	864500	865153	1	5'
S278	new_875144_875427	875144	875427	1	5'
S280	new_876178_876425	876178	876425	1	5'
S285	new_909747_909826_c	909747	909826	-1	5'
S287	new_920382_920473	920382	920473	1	5'
S288	new_925460_925632	925460	925632	1	5'
S291	new_928316_928388	928316	928388	1	5'
S293	new_930671_930735	930671	930735	1	5'
S294	new_930737_930817	930737	930817	1	5'
S296	new_935441_935588_c	935441	935588	-1	5'
S297	new_935578_935655	935578	935655	1	5'
S299	new_938656_938730	938656	938730	1	5'
S300	new_942230_942320_c	942230	942320	-1	5'
S301	new_943787_944498_c	943787	944498	-1	5'
S302	new_945324_945415	945324	945415	1	5'
S303	new_945417_945519	945417	945519	1	5'
S304	new_946423_946695	946423	946695	1	5'
S314	new_975132_975230	975132	975230	1	5'
S315	new_984466_984593_c	984466	984593	-1	5'
S317	new_984790_984900	984790	984900	1	5'
S319	new_996597_997083_c	996597	997083	-1	5'
S320	new_1000282_1000363	1000282	1000363	1	5'
S321	new_1002410_1002500	1002410	1002500	1	5'
S328	new_1018650_1018937	1018650	1018937	1	5'
S329	new_1023253_1023349	1023253	1023349	1	5'
S330	new_1030069_1030171_c	1030069	1030171	-1	5'
S333	new_1035397_1035553	1035397	1035553	1	5'
S334	new_1038543_1038616	1038543	1038616	1	5'
S336	new_1041710_1041809_c	1041710	1041809	-1	5'
S337	new_1041733_1041928	1041733	1041928	1	5'
S338	new_1041930_1041993	1041930	1041993	1	5'
S339	new_1044247_1044317_c	1044247	1044317	-1	5'
S340	new_1044967_1045036	1044967	1045036	1	5'
S342	new_1050235_1050345_c	1050235	1050345	-1	5'
S343	new_1053254_1053359_c	1053254	1053359	-1	5'
S355	new_1075165_1075252_c	1075165	1075252	-1	5'
S361	new_1097850_1097950_c	1097850	1097950	-1	5'
S363	new_1105569_1105635_c	1105569	1105635	-1	5'
S368	new_1120829_1120947_c	1120829	1120947	-1	5'
S369	new_1121267_1121506	1121267	1121506	1	5'
S370	new_1122762_1122861	1122762	1122861	1	5'
S373	new_1128482_1129270	1128482	1129270	1	5'
S374	new_1129272_1129714	1129272	1129714	1	5'
S377	new_1132073_1132144_c	1132073	1132144	-1	5'
S380	new_1150428_1150514_c	1150428	1150514	-1	5'
S387	new_1157170_1157236	1157170	1157236	1	5'
S390	new_1164254_1164369	1164254	1164369	1	5'
S392	new_1168838_1168972_c	1168838	1168972	-1	5'
S393	new_1168918_1169042	1168918	1169042	1	5'
S395	new_1188125_1188650	1188125	1188650	1	5'
S397	new_1190234_1190430_c	1190234	1190430	-1	5'
S403	new_1211372_1211476	1211372	1211476	1	5'
S404	new_1213460_1213536	1213460	1213536	1	5'
S406	new_1219686_1219848	1219686	1219848	1	5'
S408	new_1226858_1226937	1226858	1226937	1	5'
S411	new_1228926_1229067	1228926	1229067	1	5'
S413	new_1229850_1229914	1229850	1229914	1	5'
S417	new_1234909_1235088_c	1234909	1235088	-1	5'
S419	new_1240279_1240355	1240279	1240355	1	5'
S422	new_1252061_1252565_c	1252061	1252565	-1	5'
S426	new_1255867_1256041_c	1255867	1256041	-1	5'
S427	new_1255943_1256078	1255943	1256078	1	5'
S432	new_1264932_1265017_c	1264932	1265017	-1	5'
S434	new_1266349_1266589	1266349	1266589	1	5'
S438	new_1270127_1270583_c	1270127	1270583	-1	5'
S440	new_1275740_1275808	1275740	1275808	1	5'
S445	new_1281024_1281127	1281024	1281127	1	5'
S447	new_1291003_1291419_c	1291003	1291419	-1	5'
S448	new_1291189_1291343	1291189	1291343	1	5'
S449	new_1297643_1300149_c	1297643	1300149	-1	5'
S451	new_1298339_1298611	1298339	1298611	1	5'
S452	new_1303355_1303422	1303355	1303422	1	5'
S453	new_1313663_1313744_c	1313663	1313744	-1	5'
S456	new_1325005_1325095	1325005	1325095	1	5'
S459	new_1351139_1351236_c	1351139	1351236	-1	5'
S460	new_1353008_1353079	1353008	1353079	1	5'
S463	new_1359357_1359439_c	1359357	1359439	-1	5'
S466	new_1372636_1372742	1372636	1372742	1	5'
S470	new_1385609_1385671_c	1385609	1385671	-1	5'
S472	new_1386984_1387035_c	1386984	1387035	-1	5'
S473	new_1395590_1395909	1395590	1395909	1	5'
S474	new_1395911_1396012	1395911	1396012	1	5'
S475	new_1397771_1398159_c	1397771	1398159	-1	5'
S476	new_1398413_1398495	1398413	1398495	1	5'
S477	new_1399409_1400187	1399409	1400187	1	5'
S478	new_1401697_1401771	1401697	1401771	1	5'
S479	new_1409579_1409781_c	1409579	1409781	-1	5'
S480	new_1411773_1411859	1411773	1411859	1	5'
S482	new_1414827_1414907_c	1414827	1414907	-1	5'
S483	new_1417493_1417560	1417493	1417560	1	5'
S486	new_1425281_1425598	1425281	1425598	1	5'
S488	new_1430482_1430571_c	1430482	1430571	-1	5'
S489	new_1430539_1430623	1430539	1430623	1	5'
S490	new_1430625_1430683	1430625	1430683	1	5'
S492	new_1437728_1437978_c	1437728	1437978	-1	5'
S501	new_1447893_1448237_c	1447893	1448237	-1	5'
S502	new_1451263_1451370	1451263	1451370	1	5'
S507	new_1467701_1467804	1467701	1467804	1	5'
S508	new_1473128_1473196_c	1473128	1473196	-1	5'
S510	new_1478987_1479136	1478987	1479136	1	5'
S514	new_1483957_1484044	1483957	1484044	1	5'
S519	new_1492169_1492260	1492169	1492260	1	5'
S520	new_1494737_1495461	1494737	1495461	1	5'
S521	new_1499752_1499838	1499752	1499838	1	5'
S522	new_1507447_1507538	1507447	1507538	1	5'
S523	new_1512193_1512258_c	1512193	1512258	-1	5'
S525	new_1517792_1517864	1517792	1517864	1	5'
S529	new_1525061_1525238_c	1525061	1525238	-1	5'
S530	new_1527018_1527086_c	1527018	1527086	-1	5'
S531	new_1528100_1528325	1528100	1528325	1	5'
S533	new_1533940_1534049	1533940	1534049	1	5'
S535	new_1535752_1535847_c	1535752	1535847	-1	5'
S536	new_1537029_1537112	1537029	1537112	1	5'
S538	new_1549384_1549464	1549384	1549464	1	5'
S541	new_1552772_1552898	1552772	1552898	1	5'
S542	new_1559111_1559216	1559111	1559216	1	5'
S543	new_1559218_1559308	1559218	1559308	1	5'
S544	new_1560362_1560465	1560362	1560465	1	5'
S545	new_1565737_1565848	1565737	1565848	1	5'
S549	new_1569427_1569518	1569427	1569518	1	5'
S551	new_1571801_1571902_c	1571801	1571902	-1	5'
S552	new_1571851_1571980	1571851	1571980	1	5'
S553	new_1575098_1575233	1575098	1575233	1	5'
S554	new_1580047_1580120	1580047	1580120	1	5'
S557	new_1586241_1586329	1586241	1586329	1	5'
S560	new_1596301_1596473	1596301	1596473	1	5'
S561	new_1599179_1599282	1599179	1599282	1	5'
S563	new_1603712_1603778	1603712	1603778	1	5'
S566	new_1609165_1609275	1609165	1609275	1	5'
S571	new_1640646_1640719	1640646	1640719	1	5'
S575	new_1655788_1655880_c	1655788	1655880	-1	5'
S577	new_1665639_1665709	1665639	1665709	1	5'
S581	new_1676463_1676531	1676463	1676531	1	5'
S583	new_1683508_1683660	1683508	1683660	1	5'
S584	new_1691049_1691202	1691049	1691202	1	5'
S586	new_1717808_1717932	1717808	1717932	1	5'
S589	new_1721108_1721213	1721108	1721213	1	5'
S592	new_1731513_1731580	1731513	1731580	1	5'
S593	new_1731582_1731775	1731582	1731775	1	5'
S594	new_1738824_1738940	1738824	1738940	1	5'
S598	new_1744297_1744366	1744297	1744366	1	5'
S599	new_1745919_1745990	1745919	1745990	1	5'
S607	new_1767136_1767309	1767136	1767309	1	5'
S608	new_1769795_1769934	1769795	1769934	1	5'
S610	new_1774965_1775066	1774965	1775066	1	5'
S613	new_1781074_1781165_c	1781074	1781165	-1	5'
S614	new_1782643_1782712	1782643	1782712	1	5'
S616	new_1783660_1783762	1783660	1783762	1	5'
S624	new_1874062_1874202	1874062	1874202	1	5'
S627	new_1881406_1881535	1881406	1881535	1	5'
S628	new_1884169_1884237	1884169	1884237	1	5'
S633	new_1891565_1891743_c	1891565	1891743	-1	5'
S634	new_1891803_1891907	1891803	1891907	1	5'
S637	new_1896225_1896423	1896225	1896423	1	5'
S638	new_1899126_1899205_c	1899126	1899205	-1	5'
S643	new_1901856_1902166	1901856	1902166	1	5'
S647	new_1905706_1905808	1905706	1905808	1	5'
S650	new_1907334_1907493	1907334	1907493	1	5'
S654	new_1915122_1915220	1915122	1915220	1	5'
S655	new_1915134_1915264_c	1915134	1915264	-1	5'
S663	new_1923125_1923233	1923125	1923233	1	5'
S664	new_1925453_1925538_c	1925453	1925538	-1	5'
S667	new_1926452_1926585	1926452	1926585	1	5'
S668	new_1926587_1926679	1926587	1926679	1	5'
S670	new_1930742_1930833	1930742	1930833	1	5'
S671	new_1932502_1932632	1932502	1932632	1	5'
S672	new_1933162_1933476	1933162	1933476	1	5'
S674	new_1938860_1938924	1938860	1938924	1	5'
S677	new_1945655_1945976_c	1945655	1945976	-1	5'
S678	new_1949513_1949584_c	1949513	1949584	-1	5'
S679	new_1997958_1998066_c	1997958	1998066	-1	5'
S680	new_2002172_2002505	2002172	2002505	1	5'
S681	new_2002352_2002456_c	2002352	2002456	-1	5'
S683	new_2014633_2014704_c	2014633	2014704	-1	5'
S684	new_2018314_2018433_c	2018314	2018433	-1	5'
S691	new_2028580_2028675_c	2028580	2028675	-1	5'
S692	new_2028811_2029019	2028811	2029019	1	5'
S694	new_2031115_2031202_c	2031115	2031202	-1	5'
S697	new_2037369_2037470_c	2037369	2037470	-1	5'
S705	new_2047441_2047674_c	2047441	2047674	-1	5'
S707	new_2053930_2054039_c	2053930	2054039	-1	5'
S710	new_2055241_2055358_c	2055241	2055358	-1	5'
S713	new_2069030_2069174_c	2069030	2069174	-1	5'
S715	new_2069562_2069699_c	2069562	2069699	-1	5'
S722	new_2074222_2074617_c	2074222	2074617	-1	5'
S723	new_2074312_2074438	2074312	2074438	1	5'
S725	new_2076113_2076205	2076113	2076205	1	5'
S729	new_2084124_2084188	2084124	2084188	1	5'
S739	new_2098793_2098895_c	2098793	2098895	-1	5'
S741	new_2099791_2099863_c	2099791	2099863	-1	5'
S742	new_2099865_2099968_c	2099865	2099968	-1	5'
S743	new_2100391_2100457_c	2100391	2100457	-1	5'
S744	new_2100447_2100579	2100447	2100579	1	5'
S748	new_2116747_2116967_c	2116747	2116967	-1	5'
S749	new_2119128_2119278_c	2119128	2119278	-1	5'
S750	new_2119268_2119353	2119268	2119353	1	5'
S751	new_2123802_2124020	2123802	2124020	1	5'
S752	new_2126185_2126320_c	2126185	2126320	-1	5'
S753	new_2126442_2126548	2126442	2126548	1	5'
S754	new_2127740_2127812	2127740	2127812	1	5'
S756	new_2136172_2136261_c	2136172	2136261	-1	5'
S763	new_2157111_2157231_c	2157111	2157231	-1	5'
S773	new_2190663_2191625	2190663	2191625	1	5'
S782	new_2203597_2203983_c	2203597	2203983	-1	5'
S783	new_2203985_2204049_c	2203985	2204049	-1	5'
S791	new_2214865_2214961_c	2214865	2214961	-1	5'
S800	new_2225995_2226059	2225995	2226059	1	5'
S801	new_2226061_2227296	2226061	2227296	1	5'
S813	new_2281501_2281666	2281501	2281666	1	5'
S816	new_2283652_2283755_c	2283652	2283755	-1	5'
S817	new_2288083_2288193	2288083	2288193	1	5'
S823	new_2302439_2302629_c	2302439	2302629	-1	5'
S824	new_2305036_2305183_c	2305036	2305183	-1	5'
S825	new_2305261_2305347	2305261	2305347	1	5'
S826	new_2306333_2306513	2306333	2306513	1	5'
S828	new_2307814_2307904	2307814	2307904	1	5'
S830	new_2309648_2309785_c	2309648	2309785	-1	5'
S831	new_2309787_2310176_c	2309787	2310176	-1	5'
S833	new_2316111_2316182_c	2316111	2316182	-1	5'
S836	new_2325774_2325853	2325774	2325853	1	5'
S839	new_2333056_2333210_c	2333056	2333210	-1	5'
S842	new_2338392_2338537	2338392	2338537	1	5'
S843	new_2339954_2340289	2339954	2340289	1	5'
S844	new_2340291_2340801	2340291	2340801	1	5'
S845	new_2340762_2341218_c	2340762	2341218	-1	5'
S847	new_2347517_2347578_c	2347517	2347578	-1	5'
S848	new_2349529_2349600_c	2349529	2349600	-1	5'
S852	new_2354673_2354880_c	2354673	2354880	-1	5'
S855	new_2367619_2367686_c	2367619	2367686	-1	5'
S856	new_2367761_2367905_c	2367761	2367905	-1	5'
S859	new_2384371_2384456_c	2384371	2384456	-1	5'
S861	new_2385822_2386047_c	2385822	2386047	-1	5'
S862	new_2387674_2387835_c	2387674	2387835	-1	5'
S864	new_2391517_2391641_c	2391517	2391641	-1	5'
S865	new_2393238_2393421	2393238	2393421	1	5'
S866	new_2395813_2395952_c	2395813	2395952	-1	5'
S870	new_2404091_2404172_c	2404091	2404172	-1	5'
S872	new_2408773_2409563	2408773	2409563	1	5'
S873	new_2409565_2409634	2409565	2409634	1	5'
S874	new_2409636_2409728	2409636	2409728	1	5'
S883	new_2432172_2432238_c	2432172	2432238	-1	5'
S886	new_2435792_2435878_c	2435792	2435878	-1	5'
S887	new_2435947_2436044	2435947	2436044	1	5'
S888	new_2438267_2438331_c	2438267	2438331	-1	5'
S893	new_2456809_2456888_c	2456809	2456888	-1	5'
S896	new_2459114_2459288	2459114	2459288	1	5'
S897	new_2464042_2464118_c	2464042	2464118	-1	5'
S902	new_2472864_2473150	2472864	2473150	1	5'
S904	new_2479090_2479155	2479090	2479155	1	5'
S905	new_2483514_2483788_c	2483514	2483788	-1	5'
S911	new_2516201_2516406	2516201	2516406	1	5'
S913	new_2517757_2517885_c	2517757	2517885	-1	5'
S914	new_2518877_2519029_c	2518877	2519029	-1	5'
S916	new_2525615_2525743_c	2525615	2525743	-1	5'
S921	new_2544915_2544994	2544915	2544994	1	5'
S922	new_2549607_2549677_c	2549607	2549677	-1	5'
S923	new_2549645_2549774	2549645	2549774	1	5'
S924	new_2552307_2552445	2552307	2552445	1	5'
S932	new_2570490_2570556_c	2570490	2570556	-1	5'
S935	new_2576155_2576328	2576155	2576328	1	5'
S936	new_2586107_2586175_c	2586107	2586175	-1	5'
S937	new_2586704_2586996_c	2586704	2586996	-1	5'
S940	new_2589046_2589122	2589046	2589122	1	5'
S942	new_2591866_2591960_c	2591866	2591960	-1	5'
S946	new_2599267_2599375_c	2599267	2599375	-1	5'
S948	new_2599926_2600047_c	2599926	2600047	-1	5'
S950	new_2600050_2600154	2600050	2600154	1	5'
S953	new_2603868_2603981_c	2603868	2603981	-1	5'
S954	new_2603983_2604060_c	2603983	2604060	-1	5'
S955	new_2605598_2605729_c	2605598	2605729	-1	5'
S961	new_2635740_2635814	2635740	2635814	1	5'
S963	new_2641195_2642042_c	2641195	2642042	-1	5'
S965	new_2647113_2647674_c	2647113	2647674	-1	5'
S966	new_2647355_2647455	2647355	2647455	1	5'
S970	new_2648688_2648796_c	2648688	2648796	-1	5'
S971	new_2649776_2649841	2649776	2649841	1	5'
S974	new_2664534_2664730	2664534	2664730	1	5'
S988	new_2708700_2708787_c	2708700	2708787	-1	5'
S998	new_2720264_2720343_c	2720264	2720343	-1	5'
S1001	new_2724871_2724954_c	2724871	2724954	-1	5'
S1003	new_2734144_2734373_c	2734144	2734373	-1	5'
S1005	new_2736537_2736639_c	2736537	2736639	-1	5'
S1006	new_2736849_2736914	2736849	2736914	1	5'
S1008	new_2740413_2740741	2740413	2740741	1	5'
S1013	new_2749037_2749259	2749037	2749259	1	5'
S1016	new_2755836_2755986	2755836	2755986	1	5'
S1017	new_2756227_2756311	2756227	2756311	1	5'
S1023	new_2778420_2778505_c	2778420	2778505	-1	5'
S1030	new_2780894_2780990_c	2780894	2780990	-1	5'
S1031	new_2781002_2781208	2781002	2781208	1	5'
S1034	new_2788570_2788634	2788570	2788634	1	5'
S1035	new_2791968_2792100_c	2791968	2792100	-1	5'
S1036	new_2792102_2792210_c	2792102	2792210	-1	5'
S1037	new_2795736_2795840_c	2795736	2795840	-1	5'
S1039	new_2798090_2798150_c	2798090	2798150	-1	5'
S1041	new_2802122_2802357	2802122	2802357	1	5'
S1043	new_2812134_2812231_c	2812134	2812231	-1	5'
S1044	new_2818161_2818445	2818161	2818445	1	5'
S1046	new_2826743_2826818_c	2826743	2826818	-1	5'
S1047	new_2829449_2829527_c	2829449	2829527	-1	5'
S1048	new_2829529_2830447_c	2829529	2830447	-1	5'
S1053	new_2841021_2841168	2841021	2841168	1	5'
S1056	new_2845839_2845914_c	2845839	2845914	-1	5'
S1058	new_2854560_2854625_c	2854560	2854625	-1	5'
S1062	new_2869631_2869739_c	2869631	2869739	-1	5'
S1063	new_2879205_2879294_c	2879205	2879294	-1	5'
S1064	new_2879296_2879712_c	2879296	2879712	-1	5'
S1065	new_2879714_2879844_c	2879714	2879844	-1	5'
S1066	new_2882791_2882902_c	2882791	2882902	-1	5'
S1067	new_2886044_2886133_c	2886044	2886133	-1	5'
S1069	new_2887590_2887779_c	2887590	2887779	-1	5'
S1072	new_2897341_2897467_c	2897341	2897467	-1	5'
S1073	new_2897469_2897599_c	2897469	2897599	-1	5'
S1074	new_2898227_2898291	2898227	2898291	1	5'
S1076	new_2908738_2908833_c	2908738	2908833	-1	5'
S1078	new_2913380_2913589_c	2913380	2913589	-1	5'
S1079	new_2915149_2915261_c	2915149	2915261	-1	5'
S1081	new_2930473_2930793_c	2930473	2930793	-1	5'
S1087	new_2950025_2950153_c	2950025	2950153	-1	5'
S1089	new_2953559_2953623_c	2953559	2953623	-1	5'
S1091	new_2966140_2966287_c	2966140	2966287	-1	5'
S1093	new_2966794_2966948_c	2966794	2966948	-1	5'
S1094	new_2968641_2968771_c	2968641	2968771	-1	5'
S1095	new_2968717_2968823	2968717	2968823	1	5'
S1099	new_2980988_2981070_c	2980988	2981070	-1	5'
S1101	new_2982270_2982476_c	2982270	2982476	-1	5'
S1104	new_2987548_2987649_c	2987548	2987649	-1	5'
S1106	new_2989566_2989649_c	2989566	2989649	-1	5'
S1109	new_2991133_2991249_c	2991133	2991249	-1	5'
S1111	new_2996284_2996678	2996284	2996678	1	5'
S1112	new_2996680_2996979	2996680	2996979	1	5'
S1115	new_3008846_3008937	3008846	3008937	1	5'
S1118	new_3014345_3014422_c	3014345	3014422	-1	5'
S1119	new_3016299_3016403_c	3016299	3016403	-1	5'
S1120	new_3016405_3016534_c	3016405	3016534	-1	5'
S1121	new_3021090_3021169_c	3021090	3021169	-1	5'
S1122	new_3021166_3021232	3021166	3021232	1	5'
S1123	new_3028103_3029246_c	3028103	3029246	-1	5'
S1124	new_3028207_3028296	3028207	3028296	1	5'
S1125	new_3031418_3031523_c	3031418	3031523	-1	5'
S1126	new_3031524_3031613	3031524	3031613	1	5'
S1127	new_3031525_3032084_c	3031525	3032084	-1	5'
S1130	new_3032765_3032908	3032765	3032908	1	5'
S1131	new_3032910_3033040	3032910	3033040	1	5'
S1132	new_3033042_3033166	3033042	3033166	1	5'
S1133	new_3034935_3035530	3034935	3035530	1	5'
S1135	new_3035532_3035729	3035532	3035729	1	5'
S1139	new_3045221_3045329_c	3045221	3045329	-1	5'
S1141	new_3046584_3046684_c	3046584	3046684	-1	5'
S1142	new_3049503_3049699_c	3049503	3049699	-1	5'
S1143	new_3054512_3054650_c	3054512	3054650	-1	5'
S1145	new_3059402_3059490_c	3059402	3059490	-1	5'
S1148	new_3061289_3061624_c	3061289	3061624	-1	5'
S1149	new_3068812_3069252_c	3068812	3069252	-1	5'
S1150	new_3072180_3072285	3072180	3072285	1	5'
S1151	new_3072287_3072400	3072287	3072400	1	5'
S1153	new_3076730_3076817	3076730	3076817	1	5'
S1155	new_3095456_3095548_c	3095456	3095548	-1	5'
S1158	new_3105800_3106064_c	3105800	3106064	-1	5'
S1159	new_3106142_3106209	3106142	3106209	1	5'
S1161	new_3108426_3108524_c	3108426	3108524	-1	5'
S1162	new_3119240_3119484_c	3119240	3119484	-1	5'
S1163	new_3123442_3124021_c	3123442	3124021	-1	5'
S1164	new_3124023_3124157_c	3124023	3124157	-1	5'
S1168	new_3132220_3132310_c	3132220	3132310	-1	5'
S1170	new_3135504_3135638_c	3135504	3135638	-1	5'
S1174	new_3145997_3146088_c	3145997	3146088	-1	5'
S1175	new_3146090_3146171_c	3146090	3146171	-1	5'
S1176	new_3153718_3153830_c	3153718	3153830	-1	5'
S1177	new_3153832_3153982_c	3153832	3153982	-1	5'
S1181	new_3178641_3178932_c	3178641	3178932	-1	5'
S1183	new_3182591_3182678_c	3182591	3182678	-1	5'
S1185	new_3187402_3187502	3187402	3187502	1	5'
S1186	new_3193379_3193546_c	3193379	3193546	-1	5'
S1198	new_3224669_3224824_c	3224669	3224824	-1	5'
S1199	new_3224752_3224810	3224752	3224810	1	5'
S1203	new_3227502_3227580	3227502	3227580	1	5'
S1204	new_3228712_3228777	3228712	3228777	1	5'
S1206	new_3232483_3234571_c	3232483	3234571	-1	5'
S1207	new_3236475_3237156	3236475	3237156	1	5'
S1208	new_3239640_3239929	3239640	3239929	1	5'
S1210	new_3246432_3246527	3246432	3246527	1	5'
S1211	new_3246529_3246678	3246529	3246678	1	5'
S1215	new_3256908_3257021_c	3256908	3257021	-1	5'
S1216	new_3257233_3257319_c	3257233	3257319	-1	5'
S1220	new_3263403_3263797	3263403	3263797	1	5'
S1223	new_3265241_3265327_c	3265241	3265327	-1	5'
S1226	new_3276435_3276513_c	3276435	3276513	-1	5'
S1228	new_3292297_3292406_c	3292297	3292406	-1	5'
S1230	new_3293360_3293440_c	3293360	3293440	-1	5'
S1231	new_3294170_3294254_c	3294170	3294254	-1	5'
S1232	new_3297920_3297994_c	3297920	3297994	-1	5'
S1233	new_3297962_3298076	3297962	3298076	1	5'
S1238	new_3301255_3301382_c	3301255	3301382	-1	5'
S1239	new_3301384_3301448_c	3301384	3301448	-1	5'
S1240	new_3302764_3302893_c	3302764	3302893	-1	5'
S1241	new_3302895_3303142_c	3302895	3303142	-1	5'
S1242	new_3305322_3305430_c	3305322	3305430	-1	5'
S1245	new_3316130_3316211_c	3316130	3316211	-1	5'
S1247	new_3317409_3317473	3317409	3317473	1	5'
S1249	new_3321221_3321355_c	3321221	3321355	-1	5'
S1250	new_3328673_3328761	3328673	3328761	1	5'
S1253	new_3340938_3341024_c	3340938	3341024	-1	5'
S1259	new_3361112_3361196_c	3361112	3361196	-1	5'
S1266	new_3373649_3374171_c	3373649	3374171	-1	5'
S1267	new_3379940_3380077_c	3379940	3380077	-1	5'
S1268	new_3385447_3385618_c	3385447	3385618	-1	5'
S1271	new_3388000_3388112	3388000	3388112	1	5'
S1272	new_3388009_3388287_c	3388009	3388287	-1	5'
S1273	new_3388289_3388830_c	3388289	3388830	-1	5'
S1276	new_3404438_3404707_c	3404438	3404707	-1	5'
S1278	new_3410379_3410465	3410379	3410465	1	5'
S1280	new_3421635_3422223_c	3421635	3422223	-1	5'
S1281	new_3430344_3430495_c	3430344	3430495	-1	5'
S1282	new_3440953_3441054_c	3440953	3441054	-1	5'
S1284	new_3446078_3446175_c	3446078	3446175	-1	5'
S1286	new_3451133_3451197_c	3451133	3451197	-1	5'
S1291	new_3463251_3463318_c	3463251	3463318	-1	5'
S1293	new_3464210_3464288	3464210	3464288	1	5'
S1300	new_3481382_3481622_c	3481382	3481622	-1	5'
S1302	new_3483775_3483886_c	3483775	3483886	-1	5'
S1303	new_3483888_3483998_c	3483888	3483998	-1	5'
S1304	new_3487818_3487895_c	3487818	3487895	-1	5'
S1306	new_3495702_3495768_c	3495702	3495768	-1	5'
S1308	new_3510491_3510596_c	3510491	3510596	-1	5'
S1309	new_3510674_3510779	3510674	3510779	1	5'
S1311	new_3513628_3513886	3513628	3513886	1	5'
S1312	new_3528204_3528263_c	3528204	3528263	-1	5'
S1313	new_3529856_3529913_c	3529856	3529913	-1	5'
S1314	new_3535821_3536011	3535821	3536011	1	5'
S1318	new_3546111_3546186	3546111	3546186	1	5'
S1324	new_3574158_3574245_c	3574158	3574245	-1	5'
S1327	new_3575785_3575982_c	3575785	3575982	-1	5'
S1329	new_3579515_3579589_c	3579515	3579589	-1	5'
S1330	new_3582691_3582779_c	3582691	3582779	-1	5'
S1332	new_3589361_3589438_c	3589361	3589438	-1	5'
S1336	new_3604568_3604754_c	3604568	3604754	-1	5'
S1337	new_3604923_3604992	3604923	3604992	1	5'
S1340	new_3608843_3609333_c	3608843	3609333	-1	5'
S1343	new_3615385_3615449_c	3615385	3615449	-1	5'
S1345	new_3622048_3622137_c	3622048	3622137	-1	5'
S1346	new_3622139_3622219_c	3622139	3622219	-1	5'
S1347	new_3625508_3625640_c	3625508	3625640	-1	5'
S1349	new_3630836_3630916_c	3630836	3630916	-1	5'
S1350	new_3631609_3631729_c	3631609	3631729	-1	5'
S1351	new_3634793_3634897_c	3634793	3634897	-1	5'
S1352	new_3635902_3636010_c	3635902	3636010	-1	5'
S1356	new_3646537_3646664_c	3646537	3646664	-1	5'
S1357	new_3646613_3646699	3646613	3646699	1	5'
S1360	new_3649731_3649813_c	3649731	3649813	-1	5'
S1362	new_3665533_3665628	3665533	3665628	1	5'
S1367	new_3669959_3672791	3669959	3672791	1	5'
S1368	new_3671623_3672496_c	3671623	3672496	-1	5'
S1369	new_3672498_3672737_c	3672498	3672737	-1	5'
S1370	new_3672793_3672923	3672793	3672923	1	5'
S1371	new_3675995_3676059_c	3675995	3676059	-1	5'
S1374	new_3680971_3681105_c	3680971	3681105	-1	5'
S1375	new_3681277_3681369	3681277	3681369	1	5'
S1377	new_3688579_3688715_c	3688579	3688715	-1	5'
S1379	new_3693907_3693970_c	3693907	3693970	-1	5'
S1380	new_3694080_3694200	3694080	3694200	1	5'
S1381	new_3695280_3695362	3695280	3695362	1	5'
S1382	new_3699152_3701361	3699152	3701361	1	5'
S1385	new_3712484_3712616	3712484	3712616	1	5'
S1387	new_3717098_3717211_c	3717098	3717211	-1	5'
S1391	new_3728120_3728202_c	3728120	3728202	-1	5'
S1393	new_3729297_3729412_c	3729297	3729412	-1	5'
S1394	new_3730846_3730971_c	3730846	3730971	-1	5'
S1395	new_3733649_3733734_c	3733649	3733734	-1	5'
S1396	new_3733736_3733966_c	3733736	3733966	-1	5'
S1397	new_3733968_3734142_c	3733968	3734142	-1	5'
S1401	new_3744236_3744320_c	3744236	3744320	-1	5'
S1404	new_3747092_3747171_c	3747092	3747171	-1	5'
S1406	new_3760210_3760556	3760210	3760556	1	5'
S1407	new_3760558_3760693	3760558	3760693	1	5'
S1409	new_3762479_3762776_c	3762479	3762776	-1	5'
S1410	new_3762583_3762663	3762583	3762663	1	5'
S1411	new_3762778_3763121_c	3762778	3763121	-1	5'
S1413	new_3769109_3769193_c	3769109	3769193	-1	5'
S1416	new_3769809_3769955_c	3769809	3769955	-1	5'
S1420	new_3777872_3780532	3777872	3780532	1	5'
S1422	new_3780393_3780655_c	3780393	3780655	-1	5'
S1426	new_3788004_3788274_c	3788004	3788274	-1	5'
S1429	new_3791649_3791748_c	3791649	3791748	-1	5'
S1430	new_3794010_3794074_c	3794010	3794074	-1	5'
S1432	new_3796158_3796216_c	3796158	3796216	-1	5'
S1433	new_3798209_3798320_c	3798209	3798320	-1	5'
S1434	new_3802167_3802257_c	3802167	3802257	-1	5'
S1435	new_3803282_3803359_c	3803282	3803359	-1	5'
S1436	new_3804684_3804986_c	3804684	3804986	-1	5'
S1439	new_3809370_3809496_c	3809370	3809496	-1	5'
S1440	new_3809980_3810619_c	3809980	3810619	-1	5'
S1441	new_3812301_3812488_c	3812301	3812488	-1	5'
S1442	new_3813064_3813166_c	3813064	3813166	-1	5'
S1444	new_3816500_3816558_c	3816500	3816558	-1	5'
S1452	new_3849617_3849712_c	3849617	3849712	-1	5'
S1457	new_3861223_3861307_c	3861223	3861307	-1	5'
S1458	new_3862327_3866553	3862327	3866553	1	5'
S1461	new_3882015_3882097_c	3882015	3882097	-1	5'
S1462	new_3882656_3882766_c	3882656	3882766	-1	5'
S1463	new_3893312_3893440	3893312	3893440	1	5'
S1465	new_3905066_3905130_c	3905066	3905130	-1	5'
S1467	new_3907315_3907453_c	3907315	3907453	-1	5'
S1469	new_3913514_3913645_c	3913514	3913645	-1	5'
S1470	new_3913898_3914008	3913898	3914008	1	5'
S1471	new_3918262_3918330_c	3918262	3918330	-1	5'
S1472	new_3918332_3918517_c	3918332	3918517	-1	5'
S1473	new_3918519_3918628_c	3918519	3918628	-1	5'
S1474	new_3923131_3923318	3923131	3923318	1	5'
S1478	new_3951662_3951749_c	3951662	3951749	-1	5'
S1479	new_3951938_3952042	3951938	3952042	1	5'
S1486	new_3979198_3979406_c	3979198	3979406	-1	5'
S1487	new_3979408_3979516_c	3979408	3979516	-1	5'
S1491	new_3988981_3989722_c	3988981	3989722	-1	5'
S1492	new_3989098_3989183	3989098	3989183	1	5'
S1496	new_3996629_3996729	3996629	3996729	1	5'
S1497	new_3996731_3996828	3996731	3996828	1	5'
S1500	new_4004135_4004219_c	4004135	4004219	-1	5'
S1501	new_4005137_4005322_c	4005137	4005322	-1	5'
S1502	new_4005324_4006049_c	4005324	4006049	-1	5'
S1504	new_4007659_4007722_c	4007659	4007722	-1	5'
S1505	new_4010329_4010403	4010329	4010403	1	5'
S1513	new_4035641_4035833_c	4035641	4035833	-1	5'
S1515	new_4039160_4039225_c	4039160	4039225	-1	5'
S1516	new_4040876_4040985_c	4040876	4040985	-1	5'
S1521	new_4065569_4065980_c	4065569	4065980	-1	5'
S1522	new_4065982_4066068_c	4065982	4066068	-1	5'
S1526	new_4084384_4084588_c	4084384	4084588	-1	5'
S1527	new_4084424_4084730	4084424	4084730	1	5'
S1528	new_4084590_4084742_c	4084590	4084742	-1	5'
S1529	new_4086646_4086801	4086646	4086801	1	5'
S1531	new_4091310_4091407_c	4091310	4091407	-1	5'
S1532	new_4093838_4093937_c	4093838	4093937	-1	5'
S1537	new_4107259_4107332_c	4107259	4107332	-1	5'
S1538	new_4109676_4109842	4109676	4109842	1	5'
S1540	new_4118585_4118876	4118585	4118876	1	5'
S1542	new_4122850_4123061_c	4122850	4123061	-1	5'
S1549	new_4140150_4140220_c	4140150	4140220	-1	5'
S1550	new_4140222_4140497_c	4140222	4140497	-1	5'
S1552	new_4154404_4154500_c	4154404	4154500	-1	5'
S1553	new_4154502_4154694_c	4154502	4154694	-1	5'
S1555	new_4155210_4155306_c	4155210	4155306	-1	5'
S1557	new_4159457_4159757_c	4159457	4159757	-1	5'
S1560	new_4166589_4166725_c	4166589	4166725	-1	5'
S1563	new_4169613_4169943_c	4169613	4169943	-1	5'
S1564	new_4172910_4173113	4172910	4173113	1	5'
S1568	new_4180378_4180481_c	4180378	4180481	-1	5'
S1569	new_4183947_4184016	4183947	4184016	1	5'
S1570	new_4185682_4186509_c	4185682	4186509	-1	5'
S1571	new_4185817_4186091	4185817	4186091	1	5'
S1573	new_4194210_4195441_c	4194210	4195441	-1	5'
S1575	new_4199733_4199799_c	4199733	4199799	-1	5'
S1576	new_4204818_4204899	4204818	4204899	1	5'
S1578	new_4212890_4213020_c	4212890	4213020	-1	5'
S1582	new_4215437_4215505_c	4215437	4215505	-1	5'
S4	new_299_1067_c	299	1067	-1	indep
S37	new_71190_71799_c	71190	71799	-1	indep
S72	new_204977_205210	204977	205210	1	indep
S81	new_234998_235624	234998	235624	1	indep
S140	new_474268_474634	474268	474634	1	indep
S144	new_490527_490638_c	490527	490638	-1	indep
S163	new_519083_519559_c	519083	519559	-1	indep
S181	new_560621_561166	560621	561166	1	indep
S198	new_606414_606611_c	606414	606611	-1	indep
S249	new_785976_786536_c	785976	786536	-1	indep
S254	new_820648_820823	820648	820823	1	indep
S275	new_863681_863837	863681	863837	1	indep
S309	new_961009_961338	961009	961338	1	indep
S313	new_972833_973008_c	972833	973008	-1	indep
S326	new_1013861_1013971	1013861	1013971	1	indep
S345	new_1056384_1056537	1056384	1056537	1	indep
S348	new_1071709_1071971_c	1071709	1071971	-1	indep
S357	new_1077024_1077320_c	1077024	1077320	-1	indep
S372	new_1125843_1126369	1125843	1126369	1	indep
S381	new_1150464_1151119	1150464	1151119	1	indep
S415	new_1233399_1233524	1233399	1233524	1	indep
S423	new_1252566_1252752	1252566	1252752	1	indep
S458	new_1348200_1348403_c	1348200	1348403	-1	indep
S462	new_1357486_1357852_c	1357486	1357852	-1	indep
S499	new_1446841_1447052	1446841	1447052	1	indep
S512	new_1483539_1483640	1483539	1483640	1	indep
S526	new_1518175_1519804_c	1518175	1519804	-1	indep
S547	new_1569226_1569349_c	1569226	1569349	-1	indep
S562	new_1603592_1604734_c	1603592	1604734	-1	indep
S612	new_1780399_1780532	1780399	1780532	1	indep
S641	new_1900570_1900855_c	1900570	1900855	-1	indep
S645	new_1903330_1903490	1903330	1903490	1	indep
S653	new_1915001_1915132_c	1915001	1915132	-1	indep
S659	new_1917432_1917610	1917432	1917610	1	indep
S665	new_1925528_1925637	1925528	1925637	1	indep
S717	new_2069824_2069977	2069824	2069977	1	indep
S718	new_2069984_2070118_c	2069984	2070118	-1	indep
S728	new_2079086_2079196	2079086	2079196	1	indep
S731	new_2092326_2092824_c	2092326	2092824	-1	indep
S732	new_2092817_2093011	2092817	2093011	1	indep
S796	new_2221639_2221791	2221639	2221791	1	indep
S797	new_2221793_2222297	2221793	2222297	1	indep
S809	new_2273515_2273748	2273515	2273748	1	indep
S821	new_2298463_2299409	2298463	2299409	1	indep
S834	new_2316227_2316424_c	2316227	2316424	-1	indep
S849	new_2349590_2349664	2349590	2349664	1	indep
S857	new_2377495_2377626_c	2377495	2377626	-1	indep
S863	new_2388935_2389134_c	2388935	2389134	-1	indep
S869	new_2401843_2402036	2401843	2402036	1	indep
S877	new_2415264_2415371	2415264	2415371	1	indep
S885	new_2433788_2434859	2433788	2434859	1	indep
S903	new_2477758_2477958_c	2477758	2477958	-1	indep
S907	new_2488815_2488968	2488815	2488968	1	indep
S912	new_2517585_2517755_c	2517585	2517755	-1	indep
S962	new_2637203_2637542_c	2637203	2637542	-1	indep
S968	new_2647725_2647872_c	2647725	2647872	-1	indep
S976	new_2678362_2678577_c	2678362	2678577	-1	indep
S977	new_2678579_2679086_c	2678579	2679086	-1	indep
S978	new_2678724_2678943	2678724	2678943	1	indep
S1009	new_2740743_2740894	2740743	2740894	1	indep
S1022	new_2773764_2773889	2773764	2773889	1	indep
S1024	new_2778574_2778790_c	2778574	2778790	-1	indep
S1027	new_2779165_2779384_c	2779165	2779384	-1	indep
S1029	new_2780331_2780484_c	2780331	2780484	-1	indep
S1052	new_2840767_2840964_c	2840767	2840964	-1	indep
S1136	new_3036310_3036529_c	3036310	3036529	-1	indep
S1234	new_3298930_3299376	3298930	3299376	1	indep
S1236	new_3299590_3299699	3299590	3299699	1	indep
S1243	new_3307598_3308367	3307598	3308367	1	indep
S1279	new_3420519_3421486	3420519	3421486	1	indep
S1326	new_3574321_3577707	3574321	3577707	1	indep
S1335	new_3602657_3602942	3602657	3602942	1	indep
S1388	new_3717709_3717906_c	3717709	3717906	-1	indep
S1455	new_3856732_3856994_c	3856732	3856994	-1	indep
S1494	new_3991968_3992056_c	3991968	3992056	-1	indep
S1495	new_3996377_3996599	3996377	3996599	1	indep
S1534	new_4096991_4097415	4096991	4097415	1	indep
S1574	new_4198071_4198574	4198071	4198574	1	indep
S1579	new_4213186_4215471	4213186	4215471	1	indep
S2	new_24_297_c	24	297	-1	Indep-NT
S9	new_17238_17833_c	17238	17833	-1	Indep-NT
S13	new_19194_19923_c	19194	19923	-1	Indep-NT
S25	new_47673_50019_c	47673	50019	-1	Indep-NT
S31	new_53363_55717_c	53363	55717	-1	Indep-NT
S41	new_88050_89566_c	88050	89566	-1	Indep-NT
S58	new_153039_153507_c	153039	153507	-1	Indep-NT
S111	new_339807_339955_c	339807	339955	-1	Indep-NT
S117	new_347670_349525_c	347670	349525	-1	Indep-NT
S145	new_490639_490854	490639	490854	1	Indep-NT
S166	new_525021_528076_c	525021	528076	-1	Indep-NT
S170	new_532412_532652_c	532412	532652	-1	Indep-NT
S214	new_658495_658899	658495	658899	1	Indep-NT
S235	new_726024_726828	726024	726828	1	Indep-NT
S253	new_818976_820073	818976	820073	1	Indep-NT
S265	new_839062_840126	839062	840126	1	Indep-NT
S283	new_887222_887809	887222	887809	1	Indep-NT
S286	new_911330_911718_c	911330	911718	-1	Indep-NT
S289	new_926651_926919_c	926651	926919	-1	Indep-NT
S359	new_1094366_1094987_c	1094366	1094987	-1	Indep-NT
S400	new_1205658_1206260_c	1205658	1206260	-1	Indep-NT
S416	new_1233877_1235778	1233877	1235778	1	Indep-NT
S444	new_1279022_1279523	1279022	1279523	1	Indep-NT
S498	new_1446289_1447115_c	1446289	1447115	-1	Indep-NT
S503	new_1454795_1455013_c	1454795	1455013	-1	Indep-NT
S555	new_1581224_1582676_c	1581224	1582676	-1	Indep-NT
S572	new_1643910_1644485_c	1643910	1644485	-1	Indep-NT
S601	new_1748711_1749895_c	1748711	1749895	-1	Indep-NT
S623	new_1872786_1873153	1872786	1873153	1	Indep-NT
S632	new_1888890_1889195_c	1888890	1889195	-1	Indep-NT
S651	new_1912142_1913240_c	1912142	1913240	-1	Indep-NT
S661	new_1921866_1922524_c	1921866	1922524	-1	Indep-NT
S675	new_1940412_1941158_c	1940412	1941158	-1	Indep-NT
S708	new_2053985_2054612	2053985	2054612	1	Indep-NT
S733	new_2093013_2093780	2093013	2093780	1	Indep-NT
S784	new_2208373_2208745	2208373	2208745	1	Indep-NT
S811	new_2273801_2274302	2273801	2274302	1	Indep-NT
S827	new_2306683_2307712_c	2306683	2307712	-1	Indep-NT
S871	new_2406881_2407627	2406881	2407627	1	Indep-NT
S882	new_2432160_2433082	2432160	2433082	1	Indep-NT
S931	new_2569624_2570653	2569624	2570653	1	Indep-NT
S951	new_2600156_2602305	2600156	2602305	1	Indep-NT
S956	new_2608912_2610324	2608912	2610324	1	Indep-NT
S975	new_2664732_2666054	2664732	2666054	1	Indep-NT
S1038	new_2798008_2799197	2798008	2799197	1	Indep-NT
S1042	new_2806566_2806915	2806566	2806915	1	Indep-NT
S1070	new_2892550_2894991	2892550	2894991	1	Indep-NT
S1082	new_2930783_2931047	2930783	2931047	1	Indep-NT
S1083	new_2931889_2933301_c	2931889	2933301	-1	Indep-NT
S1105	new_2989552_2990726	2989552	2990726	1	Indep-NT
S1157	new_3105438_3105878	3105438	3105878	1	Indep-NT
S1180	new_3170472_3171891	3170472	3171891	1	Indep-NT
S1193	new_3217011_3217663	3217011	3217663	1	Indep-NT
S1197	new_3222530_3223451	3222530	3223451	1	Indep-NT
S1202	new_3225687_3226671	3225687	3226671	1	Indep-NT
S1214	new_3255432_3256404	3255432	3256404	1	Indep-NT
S1224	new_3266637_3269004	3266637	3269004	1	Indep-NT
S1225	new_3273703_3274665	3273703	3274665	1	Indep-NT
S1227	new_3276604_3276710	3276604	3276710	1	Indep-NT
S1251	new_3335006_3335393_c	3335006	3335393	-1	Indep-NT
S1290	new_3460206_3462957	3460206	3462957	1	Indep-NT
S1292	new_3463734_3464253_c	3463734	3464253	-1	Indep-NT
S1354	new_3643957_3645689	3643957	3645689	1	Indep-NT
S1358	new_3647109_3647701_c	3647109	3647701	-1	Indep-NT
S1359	new_3648747_3649980	3648747	3649980	1	Indep-NT
S1376	new_3681497_3681845_c	3681497	3681845	-1	Indep-NT
S1445	new_3816846_3817724_c	3816846	3817724	-1	Indep-NT
S1459	new_3873771_3874382	3873771	3874382	1	Indep-NT
S1485	new_3971340_3971882_c	3971340	3971882	-1	Indep-NT
S1498	new_3998237_3998480_c	3998237	3998480	-1	Indep-NT
S1520	new_4062713_4063346	4062713	4063346	1	Indep-NT
S1546	new_4133453_4134502	4133453	4134502	1	Indep-NT
S1559	new_4164565_4165231	4164565	4165231	1	Indep-NT
S1583	new_4215473_4215670	4215473	4215670	1	Indep-NT
S8	new_14811_15868	14811	15868	1	inter
S11	new_18866_18974	18866	18974	1	inter
S21	new_35356_35458	35356	35458	1	inter
S26	new_48474_48554	48474	48554	1	inter
S32	new_55707_55815	55707	55815	1	inter
S33	new_56193_56304	56193	56304	1	inter
S36	new_70382_70493	70382	70493	1	inter
S39	new_78940_79025	78940	79025	1	inter
S44	new_101212_101289	101212	101289	1	inter
S52	new_129162_129283	129162	129283	1	inter
S57	new_150362_150442	150362	150442	1	inter
S61	new_158510_159181	158510	159181	1	inter
S63	new_159779_160673	159779	160673	1	inter
S65	new_176316_176924	176316	176924	1	inter
S67	new_194669_194786	194669	194786	1	inter
S71	new_204891_204975	204891	204975	1	inter
S73	new_205212_205408	205212	205408	1	inter
S75	new_210947_211412	210947	211412	1	inter
S76	new_211769_211858	211769	211858	1	inter
S79	new_220105_220278	220105	220278	1	inter
S85	new_238571_238643_c	238571	238643	-1	inter
S89	new_252315_252458	252315	252458	1	inter
S100	new_292874_293464	292874	293464	1	inter
S103	new_303797_304377	303797	304377	1	inter
S114	new_343495_343573	343495	343573	1	inter
S115	new_344370_344497	344370	344497	1	inter
S118	new_348596_348692	348596	348692	1	inter
S121	new_367293_368962	367293	368962	1	inter
S122	new_368894_371728_c	368894	371728	-1	inter
S124	new_372628_372770_c	372628	372770	-1	inter
S129	new_428689_428793	428689	428793	1	inter
S133	new_454593_455317	454593	455317	1	inter
S136	new_463491_463901	463491	463901	1	inter
S142	new_486278_486431	486278	486431	1	inter
S150	new_500046_500120	500046	500120	1	inter
S152	new_505044_505113	505044	505113	1	inter
S155	new_507739_508088	507739	508088	1	inter
S160	new_514779_515106	514779	515106	1	inter
S183	new_573400_574654	573400	574654	1	inter
S192	new_599344_599505_c	599344	599505	-1	inter
S194	new_600145_600228_c	600145	600228	-1	inter
S195	new_600907_601740_c	600907	601740	-1	inter
S203	new_630028_630114	630028	630114	1	inter
S210	new_651963_653431	651963	653431	1	inter
S212	new_654693_655136	654693	655136	1	inter
S218	new_663288_663600	663288	663600	1	inter
S241	new_739577_739877	739577	739877	1	inter
S245	new_752253_752357	752253	752357	1	inter
S246	new_756987_757065	756987	757065	1	inter
S252	new_818856_819310_c	818856	819310	-1	inter
S256	new_822331_822824	822331	822824	1	inter
S257	new_822826_826091	822826	826091	1	inter
S261	new_827843_827923	827843	827923	1	inter
S273	new_860294_861944	860294	861944	1	inter
S274	new_861494_861585_c	861494	861585	-1	inter
S279	new_875695_876176	875695	876176	1	inter
S290	new_928080_928314	928080	928314	1	inter
S292	new_929322_929389	929322	929389	1	inter
S298	new_936766_937078	936766	937078	1	inter
S305	new_951346_951431	951346	951431	1	inter
S307	new_953026_953194	953026	953194	1	inter
S310	new_965798_965868	965798	965868	1	inter
S312	new_967323_967934	967323	967934	1	inter
S316	new_984595_985733_c	984595	985733	-1	inter
S323	new_1006655_1006728	1006655	1006728	1	inter
S324	new_1008553_1008622	1008553	1008622	1	inter
S327	new_1018497_1020028_c	1018497	1020028	-1	inter
S331	new_1032054_1034008	1032054	1034008	1	inter
S332	new_1035257_1035395	1035257	1035395	1	inter
S341	new_1045199_1045317	1045199	1045317	1	inter
S353	new_1074350_1074613_c	1074350	1074613	-1	inter
S356	new_1076420_1076501_c	1076420	1076501	-1	inter
S360	new_1094651_1095022	1094651	1095022	1	inter
S362	new_1097952_1098088_c	1097952	1098088	-1	inter
S364	new_1107562_1107672	1107562	1107672	1	inter
S365	new_1116857_1117712_c	1116857	1117712	-1	inter
S366	new_1117688_1117833	1117688	1117833	1	inter
S367	new_1117924_1118790	1117924	1118790	1	inter
S382	new_1150516_1150645_c	1150516	1150645	-1	inter
S384	new_1151069_1151165_c	1151069	1151165	-1	inter
S386	new_1153150_1153230	1153150	1153230	1	inter
S389	new_1160756_1162206	1160756	1162206	1	inter
S396	new_1189532_1189645	1189532	1189645	1	inter
S398	new_1192592_1192857	1192592	1192857	1	inter
S401	new_1207812_1208152	1207812	1208152	1	inter
S402	new_1211286_1211370	1211286	1211370	1	inter
S405	new_1217180_1217287	1217180	1217287	1	inter
S407	new_1221487_1221593	1221487	1221593	1	inter
S409	new_1227517_1227631	1227517	1227631	1	inter
S410	new_1228135_1228924	1228135	1228924	1	inter
S412	new_1229759_1229848	1229759	1229848	1	inter
S414	new_1233096_1233397	1233096	1233397	1	inter
S424	new_1253253_1253384	1253253	1253384	1	inter
S433	new_1265432_1265529	1265432	1265529	1	inter
S439	new_1275640_1275738	1275640	1275738	1	inter
S441	new_1276876_1277061_c	1276876	1277061	-1	inter
S442	new_1277495_1278195_c	1277495	1278195	-1	inter
S443	new_1278946_1279513_c	1278946	1279513	-1	inter
S446	new_1289139_1289257	1289139	1289257	1	inter
S450	new_1298224_1298337	1298224	1298337	1	inter
S467	new_1374025_1374396	1374025	1374396	1	inter
S469	new_1383187_1383294_c	1383187	1383294	-1	inter
S471	new_1385938_1386023_c	1385938	1386023	-1	inter
S481	new_1413790_1414949	1413790	1414949	1	inter
S493	new_1439136_1439227	1439136	1439227	1	inter
S494	new_1439340_1439447	1439340	1439447	1	inter
S504	new_1454806_1455063	1454806	1455063	1	inter
S505	new_1457005_1457156	1457005	1457156	1	inter
S509	new_1478837_1478985	1478837	1478985	1	inter
S513	new_1483671_1483955	1483671	1483955	1	inter
S516	new_1485356_1485452	1485356	1485452	1	inter
S517	new_1485897_1486004	1485897	1486004	1	inter
S518	new_1491217_1492167	1491217	1492167	1	inter
S524	new_1516508_1516573_c	1516508	1516573	-1	inter
S527	new_1518186_1518290	1518186	1518290	1	inter
S534	new_1534271_1535874	1534271	1535874	1	inter
S548	new_1569320_1569425	1569320	1569425	1	inter
S550	new_1570575_1571849	1570575	1571849	1	inter
S556	new_1586172_1586239	1586172	1586239	1	inter
S564	new_1605491_1605580	1605491	1605580	1	inter
S565	new_1606413_1606501	1606413	1606501	1	inter
S568	new_1630017_1630089	1630017	1630089	1	inter
S574	new_1655586_1655958	1655586	1655958	1	inter
S576	new_1658104_1658193	1658104	1658193	1	inter
S580	new_1674154_1674258	1674154	1674258	1	inter
S582	new_1680259_1680378	1680259	1680378	1	inter
S587	new_1718700_1718774	1718700	1718774	1	inter
S591	new_1731447_1731511	1731447	1731511	1	inter
S595	new_1739238_1739323	1739238	1739323	1	inter
S596	new_1741529_1741617	1741529	1741617	1	inter
S602	new_1754642_1754742	1754642	1754742	1	inter
S604	new_1764473_1764599	1764473	1764599	1	inter
S605	new_1765748_1765813	1765748	1765813	1	inter
S606	new_1767035_1767134	1767035	1767134	1	inter
S609	new_1770236_1770410	1770236	1770410	1	inter
S615	new_1783391_1783658	1783391	1783658	1	inter
S618	new_1859884_1859964_c	1859884	1859964	-1	inter
S619	new_1863194_1863382	1863194	1863382	1	inter
S621	new_1868453_1868560	1868453	1868560	1	inter
S625	new_1879781_1880041	1879781	1880041	1	inter
S642	new_1901738_1901854	1901738	1901854	1	inter
S646	new_1904268_1904392_c	1904268	1904392	-1	inter
S648	new_1906208_1907012	1906208	1907012	1	inter
S657	new_1916003_1916622	1916003	1916622	1	inter
S658	new_1917098_1917430	1917098	1917430	1	inter
S660	new_1919693_1919828	1919693	1919828	1	inter
S662	new_1922824_1923123	1922824	1923123	1	inter
S666	new_1925540_1925623_c	1925540	1925623	-1	inter
S685	new_2018435_2018531_c	2018435	2018531	-1	inter
S689	new_2025088_2025159_c	2025088	2025159	-1	inter
S695	new_2033681_2033894_c	2033681	2033894	-1	inter
S696	new_2034573_2037062_c	2034573	2037062	-1	inter
S714	new_2069176_2069261_c	2069176	2069261	-1	inter
S719	new_2070120_2070243_c	2070120	2070243	-1	inter
S720	new_2071115_2071197_c	2071115	2071197	-1	inter
S724	new_2075780_2076111	2075780	2076111	1	inter
S727	new_2078627_2079084	2078627	2079084	1	inter
S730	new_2090455_2090524	2090455	2090524	1	inter
S734	new_2093816_2094009_c	2093816	2094009	-1	inter
S735	new_2095786_2095916_c	2095786	2095916	-1	inter
S736	new_2096129_2096321_c	2096129	2096321	-1	inter
S738	new_2098330_2098837	2098330	2098837	1	inter
S740	new_2098897_2099422_c	2098897	2099422	-1	inter
S745	new_2104902_2106408	2104902	2106408	1	inter
S746	new_2106316_2107474_c	2106316	2107474	-1	inter
S747	new_2111720_2111836_c	2111720	2111836	-1	inter
S757	new_2137815_2138036_c	2137815	2138036	-1	inter
S764	new_2157233_2157340_c	2157233	2157340	-1	inter
S768	new_2161801_2162107_c	2161801	2162107	-1	inter
S787	new_2210204_2210330_c	2210204	2210330	-1	inter
S788	new_2212521_2213082_c	2212521	2213082	-1	inter
S793	new_2216815_2217132_c	2216815	2217132	-1	inter
S794	new_2217691_2217966_c	2217691	2217966	-1	inter
S819	new_2292285_2292400_c	2292285	2292400	-1	inter
S822	new_2300697_2300761_c	2300697	2300761	-1	inter
S829	new_2308165_2308470	2308165	2308470	1	inter
S837	new_2329450_2329514_c	2329450	2329514	-1	inter
S838	new_2329736_2330041_c	2329736	2330041	-1	inter
S840	new_2333212_2333323_c	2333212	2333323	-1	inter
S850	new_2349602_2349670_c	2349602	2349670	-1	inter
S854	new_2362965_2363044_c	2362965	2363044	-1	inter
S860	new_2385396_2385479_c	2385396	2385479	-1	inter
S867	new_2395954_2396044_c	2395954	2396044	-1	inter
S884	new_2432916_2433315_c	2432916	2433315	-1	inter
S889	new_2445036_2445093_c	2445036	2445093	-1	inter
S890	new_2448499_2448590_c	2448499	2448590	-1	inter
S891	new_2450326_2450402_c	2450326	2450402	-1	inter
S892	new_2454265_2454346_c	2454265	2454346	-1	inter
S894	new_2456890_2457210_c	2456890	2457210	-1	inter
S898	new_2464120_2464226_c	2464120	2464226	-1	inter
S910	new_2504707_2504788_c	2504707	2504788	-1	inter
S915	new_2522774_2522859_c	2522774	2522859	-1	inter
S918	new_2529726_2529888_c	2529726	2529888	-1	inter
S920	new_2544841_2545385_c	2544841	2545385	-1	inter
S928	new_2563803_2563987_c	2563803	2563987	-1	inter
S929	new_2564914_2565669	2564914	2565669	1	inter
S934	new_2574324_2574407_c	2574324	2574407	-1	inter
S938	new_2586998_2587934_c	2586998	2587934	-1	inter
S943	new_2592930_2593257_c	2592930	2593257	-1	inter
S945	new_2596439_2596534	2596439	2596534	1	inter
S947	new_2599377_2599490_c	2599377	2599490	-1	inter
S949	new_2600049_2600188_c	2600049	2600188	-1	inter
S958	new_2611388_2611455_c	2611388	2611455	-1	inter
S959	new_2625913_2626090_c	2625913	2626090	-1	inter
S972	new_2655000_2655301_c	2655000	2655301	-1	inter
S989	new_2708789_2708942_c	2708789	2708942	-1	inter
S990	new_2709471_2710001_c	2709471	2710001	-1	inter
S993	new_2713803_2713911_c	2713803	2713911	-1	inter
S996	new_2715533_2715718_c	2715533	2715718	-1	inter
S997	new_2716885_2718889_c	2716885	2718889	-1	inter
S1007	new_2740238_2740411	2740238	2740411	1	inter
S1021	new_2773647_2773762	2773647	2773762	1	inter
S1025	new_2778792_2778922_c	2778792	2778922	-1	inter
S1026	new_2779073_2779163_c	2779073	2779163	-1	inter
S1028	new_2779386_2779461_c	2779386	2779461	-1	inter
S1045	new_2822771_2822861_c	2822771	2822861	-1	inter
S1049	new_2831121_2831885	2831121	2831885	1	inter
S1050	new_2836807_2836908_c	2836807	2836908	-1	inter
S1055	new_2844574_2844638_c	2844574	2844638	-1	inter
S1059	new_2854627_2854844_c	2854627	2854844	-1	inter
S1061	new_2869307_2869365_c	2869307	2869365	-1	inter
S1068	new_2886135_2886266_c	2886135	2886266	-1	inter
S1071	new_2896973_2897093_c	2896973	2897093	-1	inter
S1075	new_2904537_2904679_c	2904537	2904679	-1	inter
S1077	new_2908835_2909456_c	2908835	2909456	-1	inter
S1086	new_2948977_2949052_c	2948977	2949052	-1	inter
S1090	new_2961505_2961585_c	2961505	2961585	-1	inter
S1092	new_2966289_2966367_c	2966289	2966367	-1	inter
S1098	new_2978602_2978702_c	2978602	2978702	-1	inter
S1100	new_2981072_2981150_c	2981072	2981150	-1	inter
S1102	new_2983096_2984281_c	2983096	2984281	-1	inter
S1107	new_2989651_2989803_c	2989651	2989803	-1	inter
S1110	new_2995911_2996282	2995911	2996282	1	inter
S1113	new_2996886_2997300_c	2996886	2997300	-1	inter
S1129	new_3032421_3032763	3032421	3032763	1	inter
S1140	new_3045331_3045396_c	3045331	3045396	-1	inter
S1146	new_3060225_3060673_c	3060225	3060673	-1	inter
S1152	new_3076630_3076728	3076630	3076728	1	inter
S1156	new_3105044_3105139_c	3105044	3105139	-1	inter
S1166	new_3127676_3127799_c	3127676	3127799	-1	inter
S1167	new_3129078_3129194_c	3129078	3129194	-1	inter
S1171	new_3136119_3136205_c	3136119	3136205	-1	inter
S1172	new_3136712_3136937_c	3136712	3136937	-1	inter
S1182	new_3178934_3179900_c	3178934	3179900	-1	inter
S1187	new_3193548_3194425_c	3193548	3194425	-1	inter
S1190	new_3208192_3208279_c	3208192	3208279	-1	inter
S1194	new_3217848_3218524	3217848	3218524	1	inter
S1196	new_3222123_3222194_c	3222123	3222194	-1	inter
S1200	new_3224826_3225137_c	3224826	3225137	-1	inter
S1201	new_3225621_3225771_c	3225621	3225771	-1	inter
S1209	new_3244617_3244738	3244617	3244738	1	inter
S1221	new_3263786_3264226_c	3263786	3264226	-1	inter
S1222	new_3264537_3264677_c	3264537	3264677	-1	inter
S1229	new_3292408_3292489_c	3292408	3292489	-1	inter
S1235	new_3299378_3299588	3299378	3299588	1	inter
S1244	new_3308369_3308785	3308369	3308785	1	inter
S1246	new_3316213_3316329_c	3316213	3316329	-1	inter
S1248	new_3319608_3320300_c	3319608	3320300	-1	inter
S1254	new_3346117_3347050_c	3346117	3347050	-1	inter
S1255	new_3353940_3354550_c	3353940	3354550	-1	inter
S1258	new_3360892_3360973_c	3360892	3360973	-1	inter
S1260	new_3361198_3361304_c	3361198	3361304	-1	inter
S1262	new_3364544_3364617_c	3364544	3364617	-1	inter
S1264	new_3372473_3372739_c	3372473	3372739	-1	inter
S1265	new_3372716_3373742	3372716	3373742	1	inter
S1269	new_3385699_3386762_c	3385699	3386762	-1	inter
S1274	new_3388832_3388961_c	3388832	3388961	-1	inter
S1277	new_3404709_3405636_c	3404709	3405636	-1	inter
S1285	new_3450605_3450670_c	3450605	3450670	-1	inter
S1287	new_3451771_3451862_c	3451771	3451862	-1	inter
S1288	new_3457942_3458026	3457942	3458026	1	inter
S1298	new_3467393_3467541_c	3467393	3467541	-1	inter
S1299	new_3471824_3472588	3471824	3472588	1	inter
S1301	new_3481624_3481697_c	3481624	3481697	-1	inter
S1322	new_3568195_3568456_c	3568195	3568456	-1	inter
S1325	new_3574247_3574338_c	3574247	3574338	-1	inter
S1331	new_3582781_3582910_c	3582781	3582910	-1	inter
S1334	new_3602548_3602655	3602548	3602655	1	inter
S1341	new_3609903_3610036_c	3609903	3610036	-1	inter
S1342	new_3614978_3615063_c	3614978	3615063	-1	inter
S1372	new_3676061_3676158_c	3676061	3676158	-1	inter
S1383	new_3707708_3707818	3707708	3707818	1	inter
S1386	new_3715928_3716008_c	3715928	3716008	-1	inter
S1390	new_3719173_3720884	3719173	3720884	1	inter
S1398	new_3740032_3740104_c	3740032	3740104	-1	inter
S1402	new_3744322_3745406_c	3744322	3745406	-1	inter
S1405	new_3748336_3748420_c	3748336	3748420	-1	inter
S1412	new_3766640_3766713_c	3766640	3766713	-1	inter
S1414	new_3769195_3769288_c	3769195	3769288	-1	inter
S1417	new_3769957_3770070_c	3769957	3770070	-1	inter
S1418	new_3774188_3774399_c	3774188	3774399	-1	inter
S1419	new_3777796_3777913_c	3777796	3777913	-1	inter
S1423	new_3780657_3781040_c	3780657	3781040	-1	inter
S1427	new_3788276_3788397_c	3788276	3788397	-1	inter
S1428	new_3790498_3790582_c	3790498	3790582	-1	inter
S1431	new_3794076_3794165_c	3794076	3794165	-1	inter
S1437	new_3807376_3807735_c	3807376	3807735	-1	inter
S1443	new_3813168_3813245_c	3813168	3813245	-1	inter
S1448	new_3830002_3830131_c	3830002	3830131	-1	inter
S1451	new_3847279_3847347	3847279	3847347	1	inter
S1454	new_3853433_3853716_c	3853433	3853716	-1	inter
S1456	new_3860876_3860997_c	3860876	3860997	-1	inter
S1460	new_3880559_3880739_c	3880559	3880739	-1	inter
S1464	new_3902136_3902209_c	3902136	3902209	-1	inter
S1468	new_3911304_3911465_c	3911304	3911465	-1	inter
S1475	new_3923478_3923862	3923478	3923862	1	inter
S1476	new_3926400_3926681_c	3926400	3926681	-1	inter
S1490	new_3985282_3985350_c	3985282	3985350	-1	inter
S1499	new_3999273_3999349	3999273	3999349	1	inter
S1503	new_4005626_4005729	4005626	4005729	1	inter
S1508	new_4018701_4018785_c	4018701	4018785	-1	inter
S1512	new_4031646_4031766_c	4031646	4031766	-1	inter
S1514	new_4035835_4035968_c	4035835	4035968	-1	inter
S1519	new_4053373_4053453_c	4053373	4053453	-1	inter
S1556	new_4159220_4159541	4159220	4159541	1	inter
S1561	new_4167085_4167598_c	4167085	4167598	-1	inter
S1562	new_4167624_4168153	4167624	4168153	1	inter
S1580	new_4214667_4214752_c	4214667	4214752	-1	inter
S1581	new_4215104_4215254_c	4215104	4215254	-1	inter
S5	new_1751_1938	1751	1938	1	intra
S6	new_6784_6993	6784	6993	1	intra
S20	new_35104_35236	35104	35236	1	intra
S22	new_37639_37719	37639	37719	1	intra
S34	new_60361_60429	60361	60429	1	intra
S38	new_76887_76983	76887	76983	1	intra
S42	new_88636_88726	88636	88726	1	intra
S45	new_108559_108673	108559	108673	1	intra
S46	new_112499_112799	112499	112799	1	intra
S47	new_117257_117348	117257	117348	1	intra
S48	new_117712_117889	117712	117889	1	intra
S50	new_119017_119110	119017	119110	1	intra
S53	new_129589_129701	129589	129701	1	intra
S54	new_132763_132881	132763	132881	1	intra
S56	new_148755_148930	148755	148930	1	intra
S69	new_200188_200276	200188	200276	1	intra
S74	new_209557_209632	209557	209632	1	intra
S86	new_239556_239643_c	239556	239643	-1	intra
S88	new_247549_247743	247549	247743	1	intra
S99	new_285988_286047	285988	286047	1	intra
S113	new_342467_342537	342467	342537	1	intra
S137	new_465941_466041	465941	466041	1	intra
S172	new_535832_536095	535832	536095	1	intra
S184	new_574025_574105_c	574025	574105	-1	intra
S196	new_603941_604102	603941	604102	1	intra
S211	new_653813_654070	653813	654070	1	intra
S219	new_663937_664318	663937	664318	1	intra
S221	new_671929_671993	671929	671993	1	intra
S231	new_698472_698611	698472	698611	1	intra
S232	new_706872_706972	706872	706972	1	intra
S239	new_737348_737602	737348	737602	1	intra
S242	new_740214_740287	740214	740287	1	intra
S243	new_744739_744850	744739	744850	1	intra
S248	new_784299_784380	784299	784380	1	intra
S263	new_837745_838076	837745	838076	1	intra
S266	new_839233_839338_c	839233	839338	-1	intra
S267	new_839654_839734_c	839654	839734	-1	intra
S277	new_873289_873401	873289	873401	1	intra
S282	new_886682_886774_c	886682	886774	-1	intra
S295	new_931808_931878	931808	931878	1	intra
S344	new_1054654_1054745	1054654	1054745	1	intra
S358	new_1090331_1090400	1090331	1090400	1	intra
S378	new_1143506_1143576	1143506	1143576	1	intra
S394	new_1171643_1171754_c	1171643	1171754	-1	intra
S418	new_1235709_1235911_c	1235709	1235911	-1	intra
S420	new_1249889_1250015_c	1249889	1250015	-1	intra
S421	new_1251175_1251272_c	1251175	1251272	-1	intra
S435	new_1268593_1268828	1268593	1268828	1	intra
S457	new_1334248_1334338	1334248	1334338	1	intra
S497	new_1445542_1445637	1445542	1445637	1	intra
S511	new_1482096_1482247	1482096	1482247	1	intra
S515	new_1484357_1484465	1484357	1484465	1	intra
S532	new_1530423_1530536	1530423	1530536	1	intra
S540	new_1550794_1551384	1550794	1551384	1	intra
S558	new_1587815_1587925	1587815	1587925	1	intra
S559	new_1591418_1591539	1591418	1591539	1	intra
S567	new_1612428_1612520	1612428	1612520	1	intra
S569	new_1630221_1630381	1630221	1630381	1	intra
S570	new_1633963_1634060	1633963	1634060	1	intra
S573	new_1655375_1655445	1655375	1655445	1	intra
S579	new_1673515_1673619	1673515	1673619	1	intra
S585	new_1695136_1695253	1695136	1695253	1	intra
S588	new_1719657_1719801	1719657	1719801	1	intra
S590	new_1727025_1727132	1727025	1727132	1	intra
S600	new_1747032_1747122	1747032	1747122	1	intra
S603	new_1759601_1759654	1759601	1759654	1	intra
S617	new_1784630_1785132	1784630	1785132	1	intra
S626	new_1880378_1880622	1880378	1880622	1	intra
S629	new_1884880_1884967	1884880	1884967	1	intra
S630	new_1885918_1886056	1885918	1886056	1	intra
S631	new_1886528_1887351	1886528	1887351	1	intra
S640	new_1900515_1901611	1900515	1901611	1	intra
S669	new_1929410_1929480	1929410	1929480	1	intra
S676	new_1943983_1944112_c	1943983	1944112	-1	intra
S688	new_2022468_2022560_c	2022468	2022560	-1	intra
S700	new_2041228_2041329_c	2041228	2041329	-1	intra
S701	new_2041828_2041927_c	2041828	2041927	-1	intra
S702	new_2043933_2044037	2043933	2044037	1	intra
S711	new_2056617_2057213	2056617	2057213	1	intra
S737	new_2098025_2098315_c	2098025	2098315	-1	intra
S755	new_2135388_2135469_c	2135388	2135469	-1	intra
S759	new_2152853_2153170_c	2152853	2153170	-1	intra
S761	new_2153357_2153439_c	2153357	2153439	-1	intra
S762	new_2156121_2156756_c	2156121	2156756	-1	intra
S765	new_2157683_2157828_c	2157683	2157828	-1	intra
S766	new_2158288_2158723_c	2158288	2158723	-1	intra
S769	new_2166326_2166412_c	2166326	2166412	-1	intra
S770	new_2169677_2170029_c	2169677	2170029	-1	intra
S772	new_2185422_2185503_c	2185422	2185503	-1	intra
S775	new_2191556_2193247_c	2191556	2193247	-1	intra
S776	new_2193662_2194052_c	2193662	2194052	-1	intra
S777	new_2195060_2195563_c	2195060	2195563	-1	intra
S778	new_2197860_2198069_c	2197860	2198069	-1	intra
S779	new_2198766_2198847_c	2198766	2198847	-1	intra
S780	new_2202717_2202804_c	2202717	2202804	-1	intra
S781	new_2203000_2203110_c	2203000	2203110	-1	intra
S789	new_2212747_2212847	2212747	2212847	1	intra
S795	new_2220947_2221060_c	2220947	2221060	-1	intra
S798	new_2225094_2225336	2225094	2225336	1	intra
S802	new_2228723_2229384	2228723	2229384	1	intra
S805	new_2262268_2262436	2262268	2262436	1	intra
S806	new_2263262_2263488	2263262	2263488	1	intra
S812	new_2278079_2278601_c	2278079	2278601	-1	intra
S835	new_2320214_2320354_c	2320214	2320354	-1	intra
S846	new_2346132_2346223_c	2346132	2346223	-1	intra
S851	new_2352467_2352591_c	2352467	2352591	-1	intra
S853	new_2362339_2362406_c	2362339	2362406	-1	intra
S868	new_2396720_2396797_c	2396720	2396797	-1	intra
S875	new_2410590_2410694_c	2410590	2410694	-1	intra
S879	new_2417904_2417983_c	2417904	2417983	-1	intra
S880	new_2421344_2421437_c	2421344	2421437	-1	intra
S881	new_2431344_2431472_c	2431344	2431472	-1	intra
S900	new_2469509_2469579_c	2469509	2469579	-1	intra
S901	new_2470927_2471001_c	2470927	2471001	-1	intra
S909	new_2491949_2492028_c	2491949	2492028	-1	intra
S917	new_2528267_2528403_c	2528267	2528403	-1	intra
S919	new_2537614_2537688_c	2537614	2537688	-1	intra
S933	new_2571798_2571906_c	2571798	2571906	-1	intra
S952	new_2601330_2601527_c	2601330	2601527	-1	intra
S957	new_2609894_2610040_c	2609894	2610040	-1	intra
S960	new_2628535_2628605_c	2628535	2628605	-1	intra
S982	new_2692852_2692932_c	2692852	2692932	-1	intra
S991	new_2712243_2712576_c	2712243	2712576	-1	intra
S992	new_2713135_2713319_c	2713135	2713319	-1	intra
S994	new_2714141_2714230_c	2714141	2714230	-1	intra
S995	new_2714806_2714932_c	2714806	2714932	-1	intra
S1000	new_2723805_2723891_c	2723805	2723891	-1	intra
S1004	new_2735457_2735681_c	2735457	2735681	-1	intra
S1012	new_2745480_2745593_c	2745480	2745593	-1	intra
S1019	new_2760077_2760232_c	2760077	2760232	-1	intra
S1032	new_2784919_2785000_c	2784919	2785000	-1	intra
S1033	new_2787066_2787129_c	2787066	2787129	-1	intra
S1040	new_2800811_2800889_c	2800811	2800889	-1	intra
S1060	new_2866605_2866663_c	2866605	2866663	-1	intra
S1080	new_2925027_2925099_c	2925027	2925099	-1	intra
S1084	new_2936210_2936381_c	2936210	2936381	-1	intra
S1096	new_2972164_2972328_c	2972164	2972328	-1	intra
S1103	new_2984696_2984787_c	2984696	2984787	-1	intra
S1117	new_3010599_3010660_c	3010599	3010660	-1	intra
S1154	new_3089150_3089225_c	3089150	3089225	-1	intra
S1165	new_3125642_3125776_c	3125642	3125776	-1	intra
S1173	new_3137969_3138320_c	3137969	3138320	-1	intra
S1189	new_3195466_3195557_c	3195466	3195557	-1	intra
S1192	new_3213597_3213853_c	3213597	3213853	-1	intra
S1195	new_3220242_3220300_c	3220242	3220300	-1	intra
S1213	new_3253449_3253528_c	3253449	3253528	-1	intra
S1219	new_3261938_3262008_c	3261938	3262008	-1	intra
S1256	new_3354935_3355044_c	3354935	3355044	-1	intra
S1261	new_3364292_3364396_c	3364292	3364396	-1	intra
S1263	new_3364963_3365068_c	3364963	3365068	-1	intra
S1283	new_3443530_3443612_c	3443530	3443612	-1	intra
S1305	new_3491558_3491654_c	3491558	3491654	-1	intra
S1320	new_3555807_3555901_c	3555807	3555901	-1	intra
S1321	new_3566276_3566357_c	3566276	3566357	-1	intra
S1328	new_3577620_3577744_c	3577620	3577744	-1	intra
S1333	new_3590364_3590602	3590364	3590602	1	intra
S1344	new_3621540_3621617_c	3621540	3621617	-1	intra
S1348	new_3628241_3628309_c	3628241	3628309	-1	intra
S1353	new_3640552_3640631_c	3640552	3640631	-1	intra
S1355	new_3645297_3645378_c	3645297	3645378	-1	intra
S1361	new_3654055_3654138_c	3654055	3654138	-1	intra
S1365	new_3667017_3667208_c	3667017	3667208	-1	intra
S1366	new_3669912_3670034_c	3669912	3670034	-1	intra
S1373	new_3680421_3680580_c	3680421	3680580	-1	intra
S1415	new_3769454_3769625_c	3769454	3769625	-1	intra
S1421	new_3780034_3780161_c	3780034	3780161	-1	intra
S1424	new_3783802_3783877_c	3783802	3783877	-1	intra
S1425	new_3786458_3786619_c	3786458	3786619	-1	intra
S1438	new_3808393_3808511_c	3808393	3808511	-1	intra
S1480	new_3956402_3956491	3956402	3956491	1	intra
S1509	new_4020908_4020976_c	4020908	4020976	-1	intra
S1510	new_4021307_4021428_c	4021307	4021428	-1	intra
S1511	new_4022729_4023053_c	4022729	4023053	-1	intra
S1517	new_4047463_4047537	4047463	4047537	1	intra
S1518	new_4051522_4051601_c	4051522	4051601	-1	intra
S1524	new_4074811_4074895_c	4074811	4074895	-1	intra
S1525	new_4082846_4082919_c	4082846	4082919	-1	intra
S1536	new_4106138_4106244_c	4106138	4106244	-1	intra
S1543	new_4125593_4125741_c	4125593	4125741	-1	intra
S1547	new_4134175_4134435_c	4134175	4134435	-1	intra
S1548	new_4134916_4134995_c	4134916	4134995	-1	intra
S1551	new_4144079_4144300_c	4144079	4144300	-1	intra
S1554	new_4154972_4155052_c	4154972	4155052	-1	intra
S1558	new_4159718_4159789	4159718	4159789	1	intra
S1572	new_4186449_4186607	4186449	4186607	1	intra
S1577	new_4208749_4208869_c	4208749	4208869	-1	intra
NA	BSU_misc_RNA_1	20611	20823	1	-
scr	BSU_misc_RNA_2	26533	26635	1	-
NA	BSU_misc_RNA_3	119855	119995	1	-
NA	BSU_misc_RNA_6	276815	277062	1	-
NA	BSU_misc_RNA_7	486092	486235	1	-
NA	BSU_misc_RNA_8	626346	626446	-1	-
NA	BSU_misc_RNA_9	694425	694527	1	-
NA	BSU_misc_RNA_10	698369	698471	1	-
NA	BSU_misc_RNA_11	955655	955762	1	-
NA	BSU_misc_RNA_12	1180685	1180802	-1	-
NA	BSU_misc_RNA_13	1219164	1219378	-1	-
NA	BSU_misc_RNA_14	1242262	1242370	1	-
NA	BSU_misc_RNA_15	1258304	1258424	1	-
NA	BSU_misc_RNA_16	1376328	1376439	1	-
NA	BSU_misc_RNA_17	1378233	1378443	1	-
NA	BSU_misc_RNA_18	1385736	1385891	-1	-
NA	BSU_misc_RNA_19	1391739	1391851	-1	-
NA	BSU_misc_RNA_20	1424527	1424683	-1	-
NA	BSU_misc_RNA_21	1426876	1426976	1	-
NA	BSU_misc_RNA_23	1569199	1569319	1	-
NA	BSU_misc_RNA_24	1607367	1607468	1	-
NA	BSU_misc_RNA_25	1613078	1613304	1	-
NA	BSU_misc_RNA_26	1618161	1618277	1	-
NA	BSU_misc_RNA_27	1618853	1618970	1	-
NA	BSU_misc_RNA_28	1620331	1620445	1	-
NA	BSU_misc_RNA_29	1630115	1630220	1	-
NA	BSU_misc_RNA_31	2025160	2025251	-1	-
NA	BSU_misc_RNA_32	2095927	2096113	-1	-
NA	BSU_misc_RNA_34	2320113	2320213	-1	-
rnpB	BSU_misc_RNA_35	2331330	2331715	-1	-
NA	BSU_misc_RNA_36	2431473	2431617	-1	-
NA	BSU_misc_RNA_38	2549505	2549606	-1	-
NA	BSU_misc_RNA_39	2608732	2608906	-1	-
NA	BSU_misc_RNA_40	2800890	2801097	-1	-
NA	BSU_misc_RNA_41	2814490	2814682	-1	-
NA	BSU_misc_RNA_42	2817899	2818131	-1	-
NA	BSU_misc_RNA_44	2869366	2869588	-1	-
NA	BSU_misc_RNA_45	2897094	2897340	-1	-
NA	BSU_misc_RNA_46	2910872	2911051	-1	-
NA	BSU_misc_RNA_47	2953408	2953538	-1	-
NA	BSU_misc_RNA_48	2961232	2961479	-1	-
NA	BSU_misc_RNA_49	3105153	3105367	-1	-
NA	BSU_misc_RNA_50	3129195	3129333	-1	-
NA	BSU_misc_RNA_51	3179105	3179206	1	-
NA	BSU_misc_RNA_52	3188193	3188341	1	-
NA	BSU_misc_RNA_53	3364397	3364503	-1	-
NA	BSU_misc_RNA_54	3421169	3421348	-1	-
ssrA	BSU_misc_RNA_55	3450710	3451071	-1	-
NA	BSU_misc_RNA_56	3491322	3491557	-1	-
NA	BSU_misc_RNA_59	3946910	3947116	1	-
NA	BSU_misc_RNA_60	3988840	3988942	-1	-
NA	BSU_misc_RNA_63	4005523	4005625	1	-
